Employee_ID,Predicted_Attrition_rate
EID_22713,0.20565462111941
EID_9658,0.19734113918028323
EID_22203,0.19087405271447544
EID_7652,0.218729207648131
EID_6516,0.1987686293534905
EID_20283,0.1778878829450878
EID_21014,0.1999649310989179
EID_7693,0.19607538984374537
EID_13232,0.19222791014518228
EID_6515,0.21530781826080927
EID_13639,0.17332822071281168
EID_14669,0.19455912150068055
EID_16537,0.20166153659426841
EID_5782,0.17543914197137356
EID_20157,0.20445010292905932
EID_1855,0.151399364439314
EID_20748,0.22824229496229842
EID_23179,0.198653491399768
EID_12838,0.19077378192130964
EID_21656,0.1783607152929614
EID_8844,0.18564938002469897
EID_1536,0.18348729924245344
EID_8822,0.17977753950127687
EID_11398,0.19662865165638266
EID_12965,0.20493230862498915
EID_5204,0.19503959518120306
EID_10030,0.21790144186250412
EID_13227,0.1843523636219433
EID_20607,0.2024898707152525
EID_14070,0.18650378793595918
EID_3755,0.20348409519552443
EID_5459,0.2030669397848501
EID_7697,0.18877457958619956
EID_3935,0.1896800408518429
EID_19046,0.19160082542264223
EID_4040,0.18003566452465034
EID_17730,0.17391947238324895
EID_4995,0.20072008173631134
EID_24653,0.18348694911314298
EID_6978,0.1798249573251656
EID_13775,0.20997091437746246
EID_14608,0.18337592337099065
EID_3148,0.18548013216563744
EID_24868,0.20412921101436027
EID_5521,0.17634605280328436
EID_21155,0.19876860163714163
EID_3840,0.18705218406274385
EID_10646,0.17952297527794464
EID_6711,0.21528076402714125
EID_16247,0.18528554906954336
EID_16789,0.19628039108404977
EID_17967,0.17924595429444595
EID_13270,0.19699963272778967
EID_18462,0.16762721858924023
EID_22248,0.18768343211372995
EID_22693,0.19152915140938054
EID_25662,0.20081346250384322
EID_23346,0.19818411733808858
EID_4437,0.1933122590354001
EID_18108,0.17911326008436304
EID_7000,0.18040715635361296
EID_22770,0.20266501301913098
EID_7816,0.17757926239359736
EID_19615,0.19131973885156034
EID_23807,0.19623076056920694
EID_16764,0.2005091137327821
EID_16818,0.18604490626334522
EID_22712,0.18170779516330007
EID_18198,0.20377057645433566
EID_11154,0.21050530979631166
EID_22137,0.1995873996359752
EID_11655,0.1852607190378923
EID_18514,0.19953780356227704
EID_24742,0.18469624336455243
EID_16019,0.17785445617026258
EID_7357,0.18979435513853687
EID_20106,0.19764992209974108
EID_13284,0.19487882661397388
EID_5451,0.1682232420430154
EID_19728,0.1987234956370075
EID_9178,0.19900475914038818
EID_13177,0.1570581610238868
EID_14300,0.2060856230279199
EID_4379,0.17907960707667886
EID_11285,0.18539629069842603
EID_14882,0.21415876057470365
EID_9969,0.1903783664682725
EID_23643,0.17672885954949086
EID_5935,0.19077316308187015
EID_7741,0.17635262245145417
EID_6176,0.18781912387864277
EID_5418,0.21105123315500665
EID_20626,0.21284398329771836
EID_1725,0.19393449062216822
EID_14317,0.19919626035225327
EID_12120,0.19389960305582923
EID_20264,0.17063461044495637
EID_16691,0.1566858419317451
EID_1093,0.17371349445800877
EID_2565,0.17747628475179192
EID_11463,0.1903466350347124
EID_12005,0.18819472643614024
EID_10326,0.19521722638497155
EID_12582,0.19193516875352368
EID_18228,0.19097058560439606
EID_11670,0.21757081219625315
EID_24257,0.1754242076332861
EID_7024,0.17680462324890386
EID_10382,0.19227451675341398
EID_20210,0.1778830483508154
EID_10294,0.17483111432519
EID_19941,0.20648661835740448
EID_25572,0.18514680659988542
EID_7758,0.18666450452164082
EID_22718,0.18598164918671686
EID_1078,0.17686616298399624
EID_8227,0.1862158365092802
EID_1702,0.19005523731716878
EID_3532,0.17299356344310923
EID_22452,0.18611028637007865
EID_3019,0.18789543507974102
EID_22264,0.20967065350992514
EID_9866,0.1883765729367667
EID_3520,0.17067441380803008
EID_21098,0.192352467096015
EID_1186,0.1858905684873592
EID_12355,0.18589561052956732
EID_11020,0.19049210000232994
EID_19193,0.16612301240346417
EID_17787,0.16277855300223842
EID_13719,0.2061687345265698
EID_24449,0.1872037638699891
EID_12957,0.18900157401686313
EID_24794,0.1844815557292004
EID_2866,0.19334681967124068
EID_10563,0.20188482775371444
EID_22492,0.1928347951515421
EID_4106,0.19561441560977574
EID_6648,0.20004554820203768
EID_7209,0.1934808583733375
EID_9692,0.17157492659109946
EID_22763,0.19334982411827611
EID_12622,0.17324004981306718
EID_9831,0.18554955948687343
EID_5731,0.15914706463177417
EID_1114,0.15705306417723996
EID_25017,0.21312894292172047
EID_22956,0.19334702449841293
EID_5549,0.18363487437862785
EID_12022,0.19708127360587988
EID_8034,0.1781615520913585
EID_20644,0.188083559459824
EID_20125,0.18596749932413928
EID_21957,0.17243835721165013
EID_8870,0.16592542239694694
EID_2305,0.18826405154377263
EID_3977,0.17128072850284295
EID_14845,0.18004954558319655
EID_6629,0.17609961309949884
EID_14577,0.18503317368044694
EID_24509,0.17610131271088325
EID_1530,0.17860742594725415
EID_21524,0.22344364749102336
EID_6647,0.17325064902716977
EID_19730,0.1994474907924158
EID_4424,0.1881665857176463
EID_7964,0.17916523931373413
EID_6289,0.1892316142257918
EID_2899,0.1875867139675103
EID_2827,0.1736887195091025
EID_8801,0.203777314449772
EID_20454,0.21105162608635475
EID_18988,0.1960467634507338
EID_8405,0.2097489918914719
EID_14497,0.18734887796877897
EID_11769,0.20289259487968653
EID_21353,0.1991876892078394
EID_2221,0.18780799844698823
EID_13218,0.17982148718231983
EID_4576,0.20276334467536894
EID_17470,0.20266502181808851
EID_14817,0.1916191691987223
EID_21845,0.20176702455935508
EID_21987,0.17300640842051832
EID_1168,0.1780493971896908
EID_14315,0.2092552546223639
EID_5043,0.1983647977833789
EID_1967,0.1847514768887888
EID_22274,0.1821132473367962
EID_11091,0.16877254309679685
EID_18421,0.18972036744092327
EID_8316,0.18388992434917154
EID_13308,0.22171368720343557
EID_19481,0.18299851366098963
EID_17732,0.20447100907718266
EID_4504,0.19528259181222582
EID_2539,0.2147841916240388
EID_19529,0.18586655430639937
EID_2279,0.18240014246277597
EID_14508,0.18944416121095742
EID_12241,0.19396215201466172
EID_11530,0.17478063501574329
EID_20147,0.15555855537036964
EID_6154,0.1963342665130594
EID_3523,0.18146829522555982
EID_20453,0.21557751774683542
EID_11929,0.18783076126110418
EID_12840,0.1978148741686064
EID_22320,0.19989491834092876
EID_25383,0.18865742504222488
EID_10731,0.2106970092001343
EID_1017,0.17372918494360262
EID_1819,0.20976412092366442
EID_22849,0.1947211293248799
EID_12290,0.1979284666744001
EID_24238,0.18675075268950483
EID_3105,0.18237746159563414
EID_14242,0.20016372079575342
EID_16569,0.18142570786216575
EID_8094,0.20549156210868777
EID_7824,0.1970130207902566
EID_8978,0.18007959188284672
EID_25314,0.193933025189432
EID_17810,0.19850688249567192
EID_14856,0.16568613108734617
EID_22144,0.18693748235908128
EID_23603,0.1636224865913517
EID_7211,0.19440554307084348
EID_19340,0.21549532516314693
EID_1501,0.1864679106044742
EID_22111,0.16866295929343378
EID_16147,0.18539112104174738
EID_16746,0.16953065713807447
EID_20777,0.1926229414605391
EID_12999,0.2074510805984197
EID_21663,0.1920536117257699
EID_11862,0.19410331122676505
EID_17683,0.21535040098521038
EID_19819,0.19291335924747127
EID_21562,0.21788615669097475
EID_24390,0.17946731407339123
EID_14444,0.20972229438091178
EID_3261,0.16434515786866694
EID_7752,0.17566952560939572
EID_3033,0.20582572654654147
EID_22433,0.18076393446590264
EID_23727,0.17464981769261434
EID_24107,0.18163523889702732
EID_22537,0.21421609185209384
EID_13645,0.19552814469010388
EID_16021,0.17419017438603254
EID_19800,0.19976453620282414
EID_1944,0.19772946654458087
EID_15868,0.1788694022753418
EID_22188,0.20293845400402422
EID_13833,0.19576161696742503
EID_15028,0.19834535877435303
EID_24861,0.18774136246396209
EID_13033,0.20938619534957512
EID_23673,0.17846646782588518
EID_13265,0.16997383859608556
EID_23411,0.1991406736961431
EID_3761,0.17471442924759895
EID_7299,0.18160332456473724
EID_2379,0.19248191651708907
EID_18863,0.1977074301489391
EID_12115,0.16981968327645416
EID_23879,0.1951246252857051
EID_16586,0.2028394440110235
EID_19003,0.17985992564606676
EID_11107,0.21549712338174606
EID_15416,0.1831331826842279
EID_19214,0.17877189937898527
EID_5135,0.20178263945354352
EID_22464,0.20250932075769087
EID_22759,0.19281824285276644
EID_17833,0.20074961852680076
EID_17627,0.1900016039044526
EID_25730,0.1881531458121449
EID_2377,0.19225183804170495
EID_18085,0.18785609096371686
EID_14096,0.1935644848987361
EID_8384,0.19764982083924706
EID_17105,0.19064041899153403
EID_9929,0.19830205959734154
EID_13267,0.19580451424767362
EID_12954,0.18971399671678865
EID_4464,0.18016186788156388
EID_11464,0.19146771966436452
EID_19308,0.17412759905741268
EID_17530,0.18250730938272242
EID_6981,0.169863287876594
EID_19951,0.18448579341848392
EID_1100,0.19821354290755663
EID_25145,0.19889250365295794
EID_15614,0.17401655406741176
EID_2961,0.19762646208555135
EID_1742,0.18305929531368756
EID_2843,0.1918257064297905
EID_9549,0.19073798703191133
EID_12832,0.2034866525834071
EID_17914,0.21218580945972712
EID_22832,0.1690315538778923
EID_5755,0.17730314816101653
EID_1141,0.17805565868361953
EID_18954,0.1871164057315511
EID_10824,0.17959364630799793
EID_24478,0.1699549259385652
EID_14916,0.1778796850882075
EID_4434,0.15638782978851823
EID_23650,0.21192597226986212
EID_16556,0.1711635161486192
EID_24656,0.17392967238704823
EID_25965,0.19017793841932296
EID_9279,0.19785839246594333
EID_13802,0.19360056307770385
EID_2748,0.20124883536770688
EID_17346,0.20677576510859147
EID_1171,0.17525241396317562
EID_1552,0.16666551018764533
EID_20674,0.18155934004868854
EID_2475,0.1908791136354614
EID_16714,0.16912598631700404
EID_7857,0.18397961262342516
EID_3294,0.1906628361925883
EID_2280,0.168419877887492
EID_10203,0.19296974633852132
EID_22162,0.2017743483819489
EID_10438,0.18281367810454066
EID_12898,0.1999142310088074
EID_4358,0.17002719749806752
EID_6179,0.17398045397950787
EID_2538,0.16344334847364714
EID_13110,0.18349035556659782
EID_24585,0.19294890418801097
EID_1006,0.1859056711542161
EID_11632,0.2023494379195781
EID_21011,0.18192877221575715
EID_16869,0.20372844059281414
EID_20564,0.17928615251030322
EID_12996,0.2012869060977262
EID_1503,0.19321490241999462
EID_23053,0.19486969365733578
EID_22049,0.18268609425637022
EID_4346,0.2244340253634191
EID_1887,0.18159762550918102
EID_16849,0.20010341534787002
EID_10071,0.19194807709968895
EID_11265,0.19273708087197589
EID_12611,0.19458244899091492
EID_25542,0.17778015861612517
EID_11582,0.2104155195496192
EID_19550,0.17016689823371262
EID_5351,0.1831099492441184
EID_3305,0.1871926755612128
EID_18846,0.19979251302618964
EID_24764,0.17624873823325285
EID_2191,0.1892474225543131
EID_6314,0.17875016538515345
EID_23248,0.17235986236910467
EID_4570,0.19602510698086348
EID_16415,0.16769199283648356
EID_11002,0.19685008196414297
EID_20498,0.18449864922996637
EID_7846,0.20878717593396606
EID_24121,0.16779219957092403
EID_7536,0.18381607057840968
EID_2015,0.19734802712689198
EID_7934,0.2082511682535395
EID_20903,0.19621142561471175
EID_17535,0.19864290675305218
EID_19760,0.1849958117533582
EID_9550,0.19249063480936432
EID_4261,0.17458325405969302
EID_19753,0.18149293518444432
EID_13542,0.18983799687789374
EID_24283,0.18403067551688757
EID_7552,0.19458286583633067
EID_11577,0.19825826444970795
EID_3228,0.18287815612314795
EID_17468,0.18791530553228528
EID_15815,0.1889529107714562
EID_2093,0.18683582911591176
EID_21356,0.17059509418783816
EID_12357,0.18920054820867827
EID_18495,0.18954620785099183
EID_5098,0.19212276891689928
EID_12691,0.18300911404801212
EID_13240,0.20448852122697994
EID_19312,0.18993027234349388
EID_23914,0.18904064164984183
EID_23175,0.19311775349835372
EID_15413,0.2041815528444856
EID_4785,0.18922918341436107
EID_25933,0.17176974116782281
EID_22705,0.20302714576129913
EID_19350,0.16402344042241188
EID_5369,0.2028493323032319
EID_20410,0.19987040080119714
EID_12557,0.1972871801030535
EID_17678,0.17702860742773927
EID_1342,0.17606434709126761
EID_12230,0.218056947934387
EID_1311,0.17672418187819067
EID_5860,0.20357264269080053
EID_4259,0.19673446142601217
EID_10209,0.19957064460143953
EID_2300,0.18717705140024524
EID_17408,0.19474590352626062
EID_1883,0.17156951293646902
EID_1053,0.21610825533818115
EID_23610,0.1781423771634417
EID_17585,0.17620547483836982
EID_20845,0.19785488817616423
EID_15683,0.18472244854425407
EID_11976,0.20876729625871893
EID_12031,0.1796491989711052
EID_1711,0.18108632182426443
EID_6239,0.19959871846624136
EID_25541,0.17668775391688119
EID_9308,0.19265466940235618
EID_18168,0.19322458629611305
EID_11934,0.19856120043755116
EID_23472,0.20218217965584698
EID_13731,0.16656450486905858
EID_16069,0.18891761141393704
EID_18276,0.16850029874160194
EID_6141,0.19315765140867036
EID_12061,0.18500218531960216
EID_9450,0.1798973765272533
EID_21730,0.1812738533607136
EID_19506,0.19239223783292048
EID_13552,0.18024913016599112
EID_9945,0.18647490396265634
EID_1924,0.188216026954641
EID_18453,0.18400982036410843
EID_20225,0.2109890765518097
EID_18673,0.2135946357208773
EID_11420,0.20146172944483512
EID_16631,0.19018815786606913
EID_21237,0.17946818073890072
EID_5015,0.19005355050757503
EID_20179,0.20346292417716538
EID_12073,0.20344366411935974
EID_21147,0.16694039643228406
EID_6714,0.17075635067592843
EID_10645,0.18421106442279123
EID_18298,0.20339083470774205
EID_2640,0.17870490378026632
EID_2318,0.20351709884642977
EID_25226,0.19410428411905004
EID_24099,0.19940324515075647
EID_20938,0.22395657855884415
EID_8377,0.20247859757965603
EID_7023,0.194814963640076
EID_11385,0.19108816816151458
EID_15016,0.18433840313491576
EID_25794,0.19741801002263698
EID_11494,0.22151731911658065
EID_2425,0.1740218049001321
EID_9847,0.20166956649393877
EID_3570,0.17544563449708106
EID_13573,0.18273523019395424
EID_13780,0.1657650759827184
EID_2949,0.18669407532327098
EID_19834,0.1828527113470174
EID_11384,0.215428670653311
EID_23154,0.2006684295251144
EID_9337,0.1980362850297313
EID_3653,0.18712172041375422
EID_4850,0.18935193325074987
EID_16283,0.2015311673677044
EID_5107,0.15959934957370964
EID_25156,0.19275972539131572
EID_17223,0.17350314044280976
EID_14695,0.16521518135548666
EID_11374,0.18510234652203333
EID_13672,0.19114560996068064
EID_6782,0.20581005255041504
EID_25074,0.2024193209111912
EID_21087,0.19468572811254028
EID_13017,0.202984355897247
EID_9947,0.21109626212238702
EID_21221,0.1885072242759892
EID_21639,0.17766206962092002
EID_20333,0.18741651547161345
EID_2970,0.17950966980583974
EID_7624,0.19518858301704936
EID_15741,0.19754442066651912
EID_1312,0.1855564730440419
EID_19575,0.16534094304619695
EID_21047,0.20372838540245602
EID_11969,0.19522868644256133
EID_19145,0.1897880452584666
EID_9871,0.1823732774959714
EID_18852,0.17591195343250765
EID_22326,0.18484155715888545
EID_7259,0.1721411783514745
EID_21920,0.1836426924668876
EID_1436,0.18646409847642326
EID_8261,0.18888562149399016
EID_23228,0.20993435127966664
EID_5560,0.14886691279181302
EID_22357,0.20198103815753723
EID_4816,0.18964813166013073
EID_10000,0.1889663955523207
EID_21908,0.17483080921695116
EID_14887,0.18205890247041986
EID_12497,0.1908801682506193
EID_17976,0.1892111180319257
EID_17356,0.1702663304884373
EID_9785,0.16728210712333735
EID_16224,0.19861736682633013
EID_6020,0.18205362359649985
EID_20716,0.2148675897668312
EID_11351,0.19704569606983943
EID_20899,0.2000416662515343
EID_9718,0.17713375926458885
EID_9479,0.1856763975697054
EID_25048,0.1902817838453985
EID_23370,0.16956825622457117
EID_13877,0.19914443396277387
EID_12256,0.196488047593755
EID_1903,0.16918427737101843
EID_8830,0.16339658359814735
EID_22060,0.19317605504085383
EID_11996,0.17290651113061475
EID_21061,0.18015369470403464
EID_22604,0.19275590986184726
EID_18463,0.18506310860998887
EID_11375,0.19635405498231182
EID_2685,0.20390070885336448
EID_16010,0.2105555753468628
EID_19288,0.19047387970562685
EID_9283,0.20388195691056227
EID_11122,0.16294320923655747
EID_6638,0.20086251519149573
EID_25516,0.20482360876122996
EID_3864,0.19700972205553446
EID_9746,0.18718682302902018
EID_8407,0.18722941107811372
EID_25463,0.20972556971037423
EID_23098,0.17616968725484017
EID_22512,0.17734833265271105
EID_14671,0.17328603707283094
EID_18482,0.1859953675740539
EID_8151,0.1860701668225518
EID_16624,0.20524554609397222
EID_1983,0.19120258307806606
EID_18445,0.19916052919709243
EID_11891,0.19239054643340686
EID_2010,0.20481277591303676
EID_4592,0.19454560814215668
EID_17412,0.20580279196512802
EID_24883,0.18241552949821518
EID_15661,0.17814960101728144
EID_11757,0.19384712277462413
EID_2627,0.1674813970416201
EID_13243,0.19856215127291119
EID_10917,0.18611338543896191
EID_4360,0.18084348232245953
EID_13536,0.19860754717656642
EID_10695,0.1894008968145555
EID_5746,0.16409768269711883
EID_1178,0.19183123170157712
EID_15290,0.20701944031938724
EID_3540,0.17292311316564685
EID_14684,0.20727208227228022
EID_7914,0.1865297321959594
EID_23733,0.20964433924006845
EID_5907,0.21095747626888892
EID_5142,0.18334620577532496
EID_7686,0.1947469033027189
EID_12078,0.20543823567056915
EID_4880,0.18391681473832588
EID_1527,0.18363332369433819
EID_15919,0.21858432643625508
EID_1260,0.17997946026009531
EID_22377,0.18651123587405705
EID_7876,0.17011667606445358
EID_1213,0.16563944783477852
EID_4161,0.1761747282834754
EID_3214,0.16844127961951405
EID_17651,0.18215121181257687
EID_8005,0.157072081160747
EID_12852,0.20444440024934954
EID_21465,0.1989796708518048
EID_7371,0.2041651589196139
EID_25687,0.17638457399340876
EID_17222,0.18402189934833296
EID_1994,0.18643902682211447
EID_22384,0.20446345737111446
EID_6344,0.19776330761497518
EID_18801,0.1948860404491502
EID_13688,0.2108802527145571
EID_13779,0.21017438141172
EID_24969,0.17582534581121945
EID_15311,0.20929964398978526
EID_9095,0.21031768860587155
EID_11675,0.18875949812991996
EID_14870,0.20427559762500389
EID_1575,0.18398306407595333
EID_7440,0.1750785801293242
EID_24259,0.1818321198993496
EID_19501,0.21784129631655264
EID_23743,0.1742397226426968
EID_13287,0.20177860091150385
EID_2226,0.17027187942327085
EID_22439,0.16838101871322012
EID_16078,0.20768544303570055
EID_18895,0.19250024089570394
EID_19860,0.18831404369786736
EID_24564,0.18851987492156833
EID_21747,0.17598562567390258
EID_4659,0.1977288877070346
EID_24149,0.19517899027927482
EID_13300,0.17740288461496342
EID_16950,0.20066299063621007
EID_23778,0.20540026265393915
EID_14691,0.20746752542542168
EID_10789,0.189073321030562
EID_5525,0.18955713124920162
EID_19424,0.19918841893371747
EID_6171,0.16889075361238295
EID_19569,0.18799877817211297
EID_4602,0.18944670015986678
EID_17919,0.20531435415996116
EID_4286,0.17413497862117
EID_1973,0.18873038638745337
EID_25715,0.1677015157402358
EID_23385,0.19988268423621006
EID_13681,0.20768817217191843
EID_25410,0.21278813892010873
EID_18267,0.20815056326246045
EID_15252,0.1753633194435944
EID_23214,0.21036048126518186
EID_18551,0.22013179250163611
EID_2401,0.18473149748801074
EID_7609,0.2042490219023973
EID_21291,0.20366258439999824
EID_10126,0.1906811101889262
EID_19714,0.17965399130446888
EID_4911,0.1917586414233261
EID_12505,0.20381907783906822
EID_10377,0.19696416668768357
EID_3407,0.19283643687834406
EID_3386,0.16971118501444657
EID_7623,0.18615780324670847
EID_19517,0.18979124010869666
EID_21782,0.1907767649853262
EID_12361,0.1787679724127644
EID_21171,0.19476829246305932
EID_17836,0.20210929138832073
EID_20286,0.1913230812423121
EID_25798,0.1753652365933973
EID_15699,0.1770050406727416
EID_17006,0.19486888254783744
EID_22476,0.18644584866257627
EID_9406,0.18072866313740168
EID_13559,0.1835027581118527
EID_1340,0.17511800665293306
EID_17848,0.1820215553122369
EID_20358,0.20265056240381588
EID_14265,0.19714711102508123
EID_9820,0.19543459916791378
EID_13755,0.1775309705799276
EID_13293,0.19618919307745283
EID_25837,0.18790296736715542
EID_20466,0.1948756564953789
EID_11032,0.20892279633119154
EID_2399,0.18551843199830612
EID_23917,0.20917643913326092
EID_17011,0.21610102674336806
EID_8967,0.16113047887099033
EID_24468,0.20045473711893114
EID_8435,0.18214739847812908
EID_17953,0.1846696665414191
EID_7140,0.1841691437233101
EID_24404,0.1883363157540836
EID_14380,0.21521102661811137
EID_1232,0.1900709539817372
EID_1573,0.17333757180753825
EID_3684,0.20373468612125445
EID_15824,0.1888979265426048
EID_9212,0.2032555609439552
EID_21121,0.18542231785088945
EID_6346,0.18283790477948217
EID_9525,0.1836819962155221
EID_9726,0.20718965957543478
EID_2526,0.17047715629302232
EID_4228,0.17117977210924892
EID_14595,0.20825893516496566
EID_15856,0.22657122260756846
EID_6768,0.18012263344276097
EID_23953,0.1976243372581199
EID_19059,0.1699069497535111
EID_5268,0.19024371213800753
EID_7619,0.16715791365351368
EID_23028,0.1910648617669616
EID_22104,0.20508808162254993
EID_10318,0.19854177290107275
EID_25369,0.18012486549467785
EID_16633,0.18563303250648505
EID_15848,0.2056598130422759
EID_2240,0.21954116182223993
EID_1059,0.1631048817438776
EID_9315,0.17457729877119665
EID_15388,0.17477919685980184
EID_9984,0.17207965753756843
EID_4296,0.20711586565441864
EID_10927,0.18189835760618187
EID_25054,0.1912699640074098
EID_1884,0.2119069599326056
EID_21960,0.17570643304392664
EID_5572,0.19230056607935644
EID_16872,0.178915387285624
EID_24525,0.1970087478430724
EID_14237,0.18543620497898816
EID_7114,0.20763054784722673
EID_7448,0.20319258199647966
EID_17668,0.18384235253850628
EID_7674,0.1976250971409972
EID_5884,0.1919893332760033
EID_13942,0.17444885812256525
EID_13098,0.2054133775297132
EID_7695,0.18655351506901136
EID_5350,0.1945672791202217
EID_22853,0.1634714453715172
EID_2385,0.22267479308733032
EID_18006,0.20586661814054308
EID_12875,0.19181258625598233
EID_5478,0.19334381483832275
EID_18690,0.17791445974723213
EID_12545,0.21322752711531454
EID_13888,0.19671224724553382
EID_9732,0.21037910001512805
EID_18001,0.20743107453856874
EID_17479,0.17432659062756245
EID_23757,0.19046293805919318
EID_1303,0.19790516351226906
EID_5375,0.17242038615637822
EID_5869,0.1735098372461332
EID_8825,0.20779090144495224
EID_22567,0.18795646446296224
EID_16273,0.18463619520936428
EID_20618,0.19598815246803353
EID_3608,0.18994640522223044
EID_8806,0.19357107499151105
EID_23170,0.18090772112410652
EID_12243,0.2226196765863769
EID_20089,0.19176480119650738
EID_16852,0.18306000447621087
EID_18312,0.18550776182656972
EID_14010,0.20088152955268082
EID_14705,0.20512603393515394
EID_20956,0.18596272203250852
EID_18794,0.17511430571280684
EID_1629,0.19892741097336883
EID_25483,0.1960786887829533
EID_4542,0.2092331095337457
EID_10076,0.2139269569019917
EID_9469,0.18317956396554222
EID_25284,0.2054485673476609
EID_11972,0.1870597042657609
EID_1798,0.16451252590365192
EID_21903,0.18678750466396926
EID_20031,0.19333811144272534
EID_20365,0.19684700965235624
EID_9210,0.1723307515391444
EID_19750,0.20376665000499028
EID_4006,0.17426231803387335
EID_24922,0.18244575087327877
EID_4760,0.1731451562380251
EID_11035,0.17805410017593865
EID_21008,0.19106766216129234
EID_23731,0.15748710342701594
EID_21788,0.2028374138238924
EID_5428,0.17478787353332206
EID_14023,0.21437111692477245
EID_2937,0.1740272337521203
EID_16931,0.17151597759709195
EID_18299,0.1994457501866479
EID_6660,0.20509892784721243
EID_23187,0.22317496122261185
EID_14868,0.19569305810287754
EID_23247,0.17072288205505495
EID_15971,0.18066405695709895
EID_7852,0.1938286610896838
EID_7017,0.17985712111198546
EID_7494,0.1666682359908097
EID_18706,0.18615233539844578
EID_22784,0.20005281310698572
EID_10756,0.1790967267389475
EID_6854,0.17832884061871998
EID_12554,0.19934545865693323
EID_1162,0.17527814204759984
EID_19581,0.1846426908537545
EID_2169,0.1775708401972957
EID_25149,0.18207524144988757
EID_22575,0.1860132495183898
EID_2265,0.17798246519143912
EID_19668,0.18169440316300406
EID_19245,0.18372399027143302
EID_8194,0.17300194907415195
EID_8081,0.21978510998196543
EID_8670,0.18371280432571438
EID_7992,0.19174348154152956
EID_6596,0.19389649642621856
EID_3699,0.2138741854039644
EID_9698,0.20273437915616302
EID_1847,0.18696537307402344
EID_16179,0.18803026321847338
EID_23663,0.18076868825121858
EID_24287,0.20153918723563505
EID_3527,0.1768568469333441
EID_18652,0.1928604446798246
EID_24110,0.20355526809156363
EID_21419,0.20366861970333425
EID_12865,0.19267490871452203
EID_9237,0.20193067623848374
EID_20408,0.18359865956763313
EID_22934,0.20478131378990747
EID_6492,0.17889117557901998
EID_20285,0.20443151540043306
EID_1286,0.1862138724218559
EID_12542,0.18982246434568467
EID_5523,0.19147565901968697
EID_1979,0.20058508922472357
EID_23146,0.18684040956172243
EID_4773,0.17876682771140234
EID_8785,0.1874911587068479
EID_4463,0.1846069986249751
EID_24028,0.17451194234329412
EID_20920,0.2028154581487696
EID_21392,0.2035353209515554
EID_4079,0.17966547186959084
EID_5173,0.17708580572525304
EID_22915,0.18455828400585605
EID_18347,0.19670001108554755
EID_7984,0.17254269287860732
EID_25148,0.21597582562927115
EID_4350,0.19449607180813044
EID_6909,0.1771323680803957
EID_10582,0.18850456303036203
EID_6248,0.19962981531844184
EID_10035,0.19744799276472483
EID_24603,0.22459668648037617
EID_1794,0.17770657192105366
EID_9407,0.18954163343238092
EID_2114,0.18805687773679863
EID_21125,0.18047219233702372
EID_15046,0.20218424508680086
EID_8058,0.1771020280126559
EID_1961,0.15542680175993004
EID_23324,0.18914273669931408
EID_21521,0.22180643784441587
EID_11043,0.1932721816004328
EID_6461,0.17023078367709046
EID_10398,0.1935927797337415
EID_20635,0.18129290230309877
EID_22940,0.213953060603081
EID_8582,0.16454265406537394
EID_12770,0.1860884613804746
EID_15982,0.1826517351299242
EID_19692,0.20260066543779026
EID_18304,0.2125299556174316
EID_13603,0.18822023612617075
EID_6145,0.19878425983527737
EID_16587,0.19145012008762943
EID_16835,0.21597709751991076
EID_8399,0.17486822888788797
EID_7012,0.18403864905477776
EID_20575,0.18349661945829768
EID_20747,0.16514788194537353
EID_3907,0.2116138141077901
EID_22626,0.21049985349326336
EID_4442,0.1867831749878784
EID_18034,0.20242769429596166
EID_16055,0.2007647232590355
EID_21684,0.1637914899192029
EID_17499,0.19947491630299694
EID_1222,0.1696552991917202
EID_17204,0.1761155587604943
EID_22732,0.20292888703622913
EID_8539,0.17758884741627554
EID_23136,0.19885362882372387
EID_24470,0.19740064594153767
EID_17404,0.18052717948090735
EID_21498,0.19904386049863018
EID_19495,0.19248977997596123
EID_23966,0.17469383259831123
EID_1388,0.1694316536765206
EID_7374,0.18524192389360816
EID_25441,0.2076859701336841
EID_16616,0.18372606327964788
EID_7654,0.192693782515633
EID_4217,0.1878518625189797
EID_9968,0.17387941031304321
EID_17830,0.20585993257071114
EID_12023,0.1952488781971725
EID_24002,0.1585559064399046
EID_11371,0.20161409151388673
EID_11096,0.18363858398735722
EID_24835,0.22447904723641718
EID_17439,0.18223604862894774
EID_6587,0.20081386393088857
EID_21946,0.20332256465847662
EID_5431,0.1868668545627204
EID_4723,0.1671003930458695
EID_11535,0.1986727588961786
EID_2330,0.1721466957487459
EID_23531,0.18329547084884057
EID_8913,0.18513956668960221
EID_21273,0.18836176412759686
EID_11927,0.20185006678195053
EID_1385,0.17678437594728713
EID_15758,0.208406766264626
EID_1023,0.175796355482198
EID_8959,0.19259073330994028
EID_12911,0.19744227151220534
EID_15925,0.18076928105258896
EID_17769,0.20278663534105568
EID_19842,0.19681417612249524
EID_15875,0.19261954845773396
EID_21284,0.17094633063774767
EID_24825,0.19355228404415095
EID_23825,0.17749965699667725
EID_13001,0.19379105851282072
EID_25601,0.19881920689713778
EID_24670,0.20267390919209327
EID_24412,0.19447002128192065
EID_18712,0.17698843634810169
EID_21138,0.17893089380014573
EID_19335,0.17557842091223516
EID_16753,0.19128932561753373
EID_24399,0.19468675557331402
EID_12567,0.19599412417797515
EID_22161,0.17193596840079567
EID_12609,0.16891094705805976
EID_22249,0.1616946854480684
EID_5314,0.17355808108102116
EID_1897,0.21437080400415168
EID_22507,0.17152030057636564
EID_2878,0.18310268873775046
EID_10098,0.17711559036712207
EID_18435,0.21648093979868896
EID_8063,0.17792103261433617
EID_3512,0.17943731607644833
EID_24444,0.18922904462516965
EID_9813,0.18148435625295087
EID_25132,0.19767586267175571
EID_5613,0.19028158451954352
EID_14062,0.1974649087473911
EID_20073,0.1978989234274843
EID_12506,0.20220255785283622
EID_1092,0.20521665337308545
EID_15895,0.178291472131166
EID_1039,0.18019021863610624
EID_22016,0.20552920449831802
EID_6764,0.19332214503139908
EID_17384,0.21135818306056042
EID_8705,0.1825341017108516
EID_14832,0.18099894524459276
EID_16473,0.1912085097646374
EID_11186,0.19147732367305617
EID_7476,0.18341733062192675
EID_19671,0.1971356283938381
EID_14001,0.17774486505814155
EID_10658,0.1861691878839031
EID_6668,0.19076922949778963
EID_13786,0.19149635463053458
EID_11224,0.20131783332966952
EID_13296,0.18471653663701026
EID_22145,0.1670793998466487
EID_6494,0.20209612040689962
EID_1649,0.1763907507761936
EID_20878,0.21540175182052335
EID_3790,0.18718395130909599
EID_9257,0.20777714378645795
EID_14917,0.20387220267793887
EID_22052,0.2001855738895061
EID_1198,0.16730784301330626
EID_8478,0.17714515831422598
EID_2071,0.19320318578291631
EID_1250,0.16489982636374537
EID_9000,0.18895135538870858
EID_17319,0.18344590973893835
EID_21794,0.20604748830891395
EID_23350,0.21219924028304302
EID_16278,0.1705907876922179
EID_3330,0.16344085270757297
EID_12584,0.1988520441070566
EID_9354,0.21985983148097324
EID_15007,0.19331764613125996
EID_11656,0.18617437979576443
EID_22526,0.1763565868052603
EID_11027,0.18726407730819836
EID_21588,0.17813410388793643
EID_13717,0.19690794991726646
EID_8073,0.1745602623638357
EID_15972,0.1845530803062552
EID_5730,0.17453074149146472
EID_23968,0.16397398109838565
EID_4299,0.19221205050648865
EID_6302,0.18328194350648389
EID_6974,0.16952590744914006
EID_4829,0.1822601303475064
EID_21139,0.18355930446370564
EID_23456,0.18303019668832737
EID_20110,0.17221479398774822
EID_20342,0.18881819577524087
EID_15238,0.20406770121077736
EID_10349,0.18223391515564386
EID_10077,0.16988263837528284
EID_22330,0.1917885847874469
EID_4368,0.1927628732007426
EID_8859,0.18193907218634098
EID_24277,0.1589247769543441
EID_1061,0.1926881788544167
EID_5597,0.18680432005002573
EID_4820,0.2053505979523198
EID_5863,0.19197578975779273
EID_23680,0.1844741279363408
EID_5542,0.17271033637325123
EID_6203,0.1599022258933825
EID_5355,0.17674462480366054
EID_19669,0.2034540037418676
EID_21725,0.18391849087567738
EID_2138,0.1975143578405109
EID_24278,0.1952364893489443
EID_6591,0.20460529665065214
EID_21056,0.16114230120695666
EID_18759,0.22660972918257463
EID_12059,0.2023180448763065
EID_11077,0.19847685346353972
EID_17216,0.20109613915280528
EID_15655,0.20521349149749363
EID_19017,0.19889022183183383
EID_17846,0.20512966615821338
EID_6418,0.19092207382278578
EID_25942,0.19709543426611958
EID_5420,0.19597376005280576
EID_11764,0.17981508022696674
EID_16483,0.18998704260774557
EID_1901,0.166456200753798
EID_21480,0.19924458143870952
EID_8006,0.22669426197817066
EID_1282,0.19229204854501256
EID_6895,0.18675425933017104
EID_13677,0.1895495054232324
EID_6071,0.18852684016945923
EID_14425,0.1836859443162623
EID_22685,0.17512809319847386
EID_20203,0.19473797469182208
EID_19161,0.176295117496117
EID_1947,0.1766333405921985
EID_16574,0.18297846739280227
EID_2561,0.1789046048156522
EID_20668,0.19935154563625382
EID_7831,0.208274458624997
EID_8769,0.1711636505912285
EID_25191,0.1931398801796243
EID_15590,0.20377642395119105
EID_12458,0.19822372391304763
EID_11406,0.18011790222165233
EID_17629,0.16656195798091483
EID_4632,0.18026709290383938
EID_18455,0.17790608153337698
EID_23077,0.20835714789574838
EID_25024,0.19659066506918518
EID_6269,0.1942559198595297
EID_12100,0.18100157384438545
EID_23190,0.19128598539058297
EID_9030,0.1906792861687356
EID_12359,0.17204376099690205
EID_12041,0.18837245490695254
EID_2019,0.18540915350632697
EID_22974,0.1976680480963543
EID_10351,0.18652443736338448
EID_23630,0.20771234994578872
EID_7309,0.1817906478002545
EID_19821,0.20793443283122448
EID_4033,0.17380230109298186
EID_3435,0.17940464929512123
EID_5759,0.1716038895991503
EID_12826,0.17855597895697176
EID_8148,0.1937831386281195
EID_16088,0.16494638441646434
EID_15783,0.19153746212869294
EID_19521,0.20126855337753155
EID_13016,0.16328748559300243
EID_13708,0.20686541109465229
EID_4237,0.198404540685445
EID_3620,0.19209778281497283
EID_10042,0.17806910182865687
EID_8833,0.168041133031115
EID_21028,0.18291582226434197
EID_3485,0.1766423859129275
EID_23372,0.20557230432735757
EID_19410,0.19881207144319252
EID_6598,0.19343621192865318
EID_25371,0.2023154382468957
EID_19483,0.1835192438886084
EID_22826,0.1815196912346417
EID_23606,0.18714466541755634
EID_9346,0.20215887404426947
EID_1608,0.1910159254989215
EID_1603,0.18766768077207807
EID_23041,0.1964099007056127
EID_7801,0.18253270248291692
EID_22456,0.1915554219213812
EID_24428,0.19055487399667437
EID_10811,0.18309799779331062
EID_24566,0.21232471918016796
EID_2531,0.18885380541328006
EID_10878,0.18320731846152588
EID_19548,0.18034672081506978
EID_11988,0.2000956419623016
EID_11378,0.21459158530043485
EID_9896,0.20468026883935217
EID_17323,0.18451957360994012
EID_24976,0.18520816401364942
EID_11249,0.18227684135980138
EID_20395,0.17634994340204763
EID_18262,0.1703604898499532
EID_14670,0.2032724837481101
EID_12880,0.1833105736497149
EID_1406,0.18228118295196866
EID_23014,0.20648324535406004
EID_5224,0.19789540377739565
EID_3232,0.1695339492615363
EID_22327,0.18900854028683264
EID_2285,0.19892036109673353
EID_20468,0.20337061470137152
EID_4443,0.18044066209250526
EID_15641,0.17766414415062248
EID_8106,0.20793553218561378
EID_13958,0.1742691852032538
EID_10214,0.21786134194952242
EID_17739,0.18038132005791166
EID_13347,0.16904300084010723
EID_23453,0.17802734042553847
EID_1477,0.19499547019026886
EID_20224,0.14890814131948016
EID_2362,0.17441935664583408
EID_21421,0.1978697945000432
EID_7860,0.19893793619585248
EID_10286,0.1725905048342562
EID_7184,0.18136587240024943
EID_21742,0.1841381079491564
EID_21610,0.2017583533323514
EID_19375,0.19129424191051966
EID_18564,0.21662745619584595
EID_19108,0.197326411637476
EID_17928,0.18548501361036604
EID_25613,0.19430746360523432
EID_23787,0.17857456665504942
EID_2392,0.21714734394550148
EID_7574,0.19376768703626357
EID_9810,0.1811199304464818
EID_14332,0.21443640161661806
EID_20937,0.17896804938067087
EID_7827,0.17407878130845253
EID_7457,0.19623368520064965
EID_11152,0.1806201304038825
EID_12917,0.1667805962448019
EID_18590,0.20364036345867628
EID_15327,0.20915016669371167
EID_11687,0.20404557291831724
EID_5179,0.16705639974246164
EID_5623,0.18523609725074072
EID_25331,0.18853563956171535
EID_24386,0.200076891005919
EID_6507,0.20103151838660285
EID_7842,0.19033597743786046
EID_12018,0.19240611250286593
EID_6640,0.19738195419032592
EID_9872,0.19052546860483122
EID_2331,0.21979767606895337
EID_19685,0.18884743014293015
EID_25701,0.21368001557590705
EID_25681,0.19500470572940198
EID_20151,0.18819539911218322
EID_8980,0.20004874466230158
EID_12719,0.19171226181990356
EID_20075,0.18732347547265993
EID_14984,0.16425303565833854
EID_8177,0.1794982690383762
EID_1360,0.20556254088641657
EID_24812,0.21164616115573154
EID_8480,0.1915886405281014
EID_14567,0.2034937613920423
EID_16194,0.20413936020499548
EID_10020,0.20191509898958773
EID_7321,0.18205556209293597
EID_15387,0.18897093676114798
EID_19419,0.1825362510989657
EID_20496,0.19775033551857996
EID_1308,0.1735396317286715
EID_14770,0.17600745077628852
EID_21893,0.18243976357163388
EID_10990,0.18377392937441595
EID_17521,0.20998216248188017
EID_15274,0.20630454893189143
EID_24001,0.19475522326065575
EID_4111,0.18712195289709077
EID_4284,0.18468338873135887
EID_19682,0.19276566683025198
EID_14871,0.20796055509402422
EID_18152,0.18124889753759627
EID_12520,0.18860171645212453
EID_4739,0.18785455138670765
EID_8424,0.18346689638084634
EID_23600,0.18863107358933753
EID_25891,0.20981972201542093
EID_11618,0.20071766464723745
EID_12674,0.2104984852185239
EID_5999,0.1851486531412834
EID_18063,0.15811285069322256
EID_14859,0.1873664724608342
EID_20353,0.1794040065196162
EID_22962,0.17519777187369037
EID_19650,0.15363110408968886
EID_6108,0.19474250331380416
EID_19012,0.21994468894850555
EID_22925,0.17413539425221897
EID_15619,0.20043190451008813
EID_19998,0.19891279991323083
EID_20052,0.2036541391100314
EID_25044,0.20635728912235796
EID_5422,0.1865639984980569
EID_15354,0.21776443177833352
EID_3804,0.1709770241795883
EID_23277,0.17286848223038426
EID_12336,0.19500267754686965
EID_24839,0.17831214389593716
EID_1651,0.20100540023305669
EID_24355,0.18102442362376478
EID_24276,0.20809180750529502
EID_10346,0.1800746058661053
EID_9579,0.18102149563060255
EID_23242,0.19441452882456128
EID_23541,0.19312277730242866
EID_14741,0.14775176911605686
EID_7783,0.18904223851659088
EID_12569,0.2167485488616855
EID_3834,0.18259574787446511
EID_6799,0.2138254544066627
EID_15609,0.20378762018442195
EID_5496,0.18586681631540092
EID_5080,0.20552728595477623
EID_14834,0.21253392714486288
EID_18266,0.19057928639486318
EID_1182,0.16313660336012037
EID_6445,0.195988000039768
EID_18656,0.18736417255640192
EID_24011,0.19111352064646087
EID_25093,0.19689503578673137
EID_11334,0.19596493773846138
EID_15785,0.17253635902390102
EID_8060,0.16650116769992102
EID_4349,0.19182942908462985
EID_22525,0.17874577650662196
EID_1231,0.20252968773069252
EID_2127,0.17226407252916662
EID_4047,0.1758899832362783
EID_12989,0.19422531944955296
EID_17726,0.21704993066397993
EID_1602,0.1870287692099423
EID_5945,0.1695922492306818
EID_15166,0.1930652264899008
EID_25317,0.17542045676666512
EID_18848,0.18939676118859075
EID_14455,0.1971087459432813
EID_9724,0.19796646321503664
EID_22697,0.18908263988411936
EID_16505,0.19191879676860282
EID_11616,0.17308700773642402
EID_10352,0.2049427936702667
EID_24093,0.1659274214854232
EID_11826,0.19989978075724843
EID_24211,0.2008754867389225
EID_14709,0.20557694825528283
EID_18747,0.1857590511155063
EID_16077,0.18058359724671721
EID_15440,0.18705992368587634
EID_4935,0.17186887251274482
EID_13791,0.205603467373302
EID_16876,0.18774887329820705
EID_1335,0.1748648146037679
EID_19086,0.19762338429582188
EID_12872,0.1900369626318046
EID_11623,0.18512118529335922
EID_7807,0.20418968943851068
EID_9605,0.20678788027806555
EID_12736,0.20852890312267808
EID_20565,0.1940523276955949
EID_17225,0.20517244460297762
EID_19974,0.18023480180707638
EID_16045,0.18260596224802866
EID_2082,0.17621470180683424
EID_22219,0.1810162854533584
EID_19439,0.1828144319897419
EID_2979,0.17652816163287352
EID_24414,0.1897905423349462
EID_15148,0.19480441769406817
EID_10690,0.20189935135573212
EID_16346,0.19776850956941674
EID_22752,0.19802571369462926
EID_21746,0.2089048604099476
EID_1705,0.18156942871961887
EID_7498,0.19893106886986708
EID_6874,0.19828934059338507
EID_4543,0.19968558399372827
EID_8931,0.17548206664028013
EID_16435,0.19933490306984633
EID_16767,0.19522341671948257
EID_3058,0.18461722267707642
EID_16381,0.18715446381834416
EID_17190,0.17779266502826452
EID_7079,0.1613111960097575
EID_10191,0.19880400934803127
EID_1378,0.17631987126627416
EID_20222,0.1898534620384578
EID_6156,0.18266547505766362
EID_5975,0.18056817143855466
EID_18682,0.17411434567592804
EID_8837,0.18808841894155998
EID_24686,0.2017913731085276
EID_9869,0.2152641862244556
EID_14673,0.19519585457101557
EID_14443,0.17262423074442818
EID_21591,0.19038579956028204
EID_25240,0.1951715241174181
EID_18365,0.2004138125311197
EID_9260,0.21770224069472377
EID_10696,0.17859237012555784
EID_18012,0.18457340082874696
EID_17421,0.22046956285483765
EID_23615,0.18522851826539533
EID_14132,0.18982643850036415
EID_13168,0.17560667508593372
EID_16973,0.18848746137372788
EID_13426,0.18987245651054735
EID_1493,0.173629839067732
EID_3994,0.17721589196733598
EID_10574,0.1884692020915418
EID_12394,0.18809498733362834
EID_4781,0.18571205519817055
EID_24911,0.20346988471823058
EID_3205,0.18532418495262845
EID_25568,0.19064837388768308
EID_4343,0.1938398532912503
EID_4330,0.18797467012453156
EID_12518,0.20296626764454753
EID_18426,0.18514605565285416
EID_3862,0.18944171330155576
EID_13478,0.2035337643005297
EID_5607,0.1778398156137969
EID_22353,0.18501932033016813
EID_18346,0.16682107331376372
EID_5978,0.20118144003195854
EID_3391,0.1723690709460081
EID_8525,0.18648787837655637
EID_5245,0.1716530083302425
EID_11791,0.20089585110449934
EID_22913,0.18630448515021278
EID_15587,0.1994299567334124
EID_4851,0.20290925718625388
EID_3432,0.16042789786222877
EID_13090,0.14957127773197923
EID_15117,0.20784615126197112
EID_22004,0.1770947555670281
EID_16053,0.19639363698077783
EID_16458,0.1988482144710168
EID_8021,0.19478958898023982
EID_24385,0.19736783213708303
EID_7053,0.2055272158357756
EID_13544,0.16278346828191217
EID_9014,0.18750977881567377
EID_9246,0.1903166711357585
EID_15642,0.17840049673467667
EID_12295,0.1840682976618024
EID_7925,0.22239519933847685
EID_18473,0.1700294906740924
EID_19427,0.1560877115089593
EID_17027,0.18664810155517375
EID_22093,0.17869139057842467
EID_25611,0.18355882688693198
EID_20490,0.21272537060829885
EID_4204,0.17408378949762765
EID_2604,0.15707086819907928
EID_16152,0.21810819581913146
EID_8563,0.19848621282419787
EID_18620,0.1873632598351332
EID_11012,0.21257341794074958
EID_19598,0.1739364051526766
EID_13159,0.18351460960151517
EID_13171,0.17850434990312625
EID_8374,0.17959631016674857
EID_9838,0.21650502165389565
EID_18489,0.19272696830289843
EID_17451,0.19699137888743076
EID_7269,0.20899272862434184
EID_20548,0.18097257226791977
EID_9466,0.17377900372315597
EID_16085,0.21071917128886417
EID_24082,0.20021229483170713
EID_5078,0.18443664703305127
EID_23951,0.18465838784198704
EID_8327,0.20087442699055344
EID_5904,0.20736780282154435
EID_11085,0.17868675522590355
EID_21437,0.1963720497667213
EID_7471,0.2061180188272076
EID_12046,0.19567870342396373
EID_18653,0.18039677479106822
EID_14175,0.20246672028628326
EID_5514,0.18471545055922614
EID_20148,0.20059435264216482
EID_14260,0.19503426557153247
EID_15574,0.18832072103919142
EID_7287,0.19635495708206743
EID_18889,0.2056124712195329
EID_13106,0.17484069793576879
EID_15448,0.2001463787494421
EID_25897,0.2051789592123349
EID_23758,0.19596974623499294
EID_23208,0.1956008793980142
EID_13646,0.17861230872217135
EID_5467,0.18997865126703734
EID_6022,0.1731127862828823
EID_10923,0.18090356237130997
EID_10408,0.2076320032372987
EID_4186,0.16383087092448392
EID_22022,0.16951839971577903
EID_16390,0.18988193458003969
EID_19493,0.20472488572816297
EID_12519,0.2124058043450765
EID_23549,0.185658290913536
EID_17612,0.19075393264100446
EID_25007,0.17731605566877173
EID_1949,0.1915895522107461
EID_23313,0.19179821569868366
EID_22516,0.1924895748030666
EID_21836,0.17636638326497503
EID_7268,0.20327759692390823
EID_8202,0.1930132839944384
EID_6613,0.20213808578455297
EID_2596,0.15529976307938154
EID_19849,0.190306654509663
EID_11546,0.20519526201189248
EID_3942,0.18492252287764485
EID_7899,0.19974082814341737
EID_4802,0.19588556958953734
EID_6725,0.17894185922720618
EID_3835,0.17920122892699686
EID_9511,0.18678861192279506
EID_5757,0.1951440388531757
EID_24838,0.18592054536390473
EID_15225,0.20589750053586822
EID_8238,0.1661424787132951
EID_2826,0.18910760219125805
EID_20774,0.1695941773718116
EID_19311,0.1672117308847239
EID_12339,0.19089075395403962
EID_1583,0.2138853827395576
EID_1033,0.18343312496438552
EID_10764,0.2043042521059445
EID_17203,0.21765089614151437
EID_1345,0.16726717048672934
EID_4951,0.19063377796287126
EID_16956,0.18792564610384618
EID_9203,0.21295274945062131
EID_7021,0.17534034714683647
EID_8707,0.18008077871701247
EID_5209,0.17249412090189664
EID_20428,0.18575558798846034
EID_10913,0.19950891275565025
EID_11507,0.1928212990915827
EID_3693,0.19242001724242044
EID_22857,0.19264510123083467
EID_18744,0.17239218973078435
EID_19600,0.1935593191654385
EID_21336,0.18949001887464964
EID_17676,0.1895846158660034
EID_1678,0.18412805063958643
EID_4889,0.16595843575943153
EID_9961,0.21110230369301342
EID_23386,0.1989675856977212
EID_19835,0.1840564323272412
EID_9519,0.18915971054045555
EID_5449,0.20440414248955013
EID_20640,0.16743831680956373
EID_16387,0.19347832336264706
EID_20293,0.18128005717956797
EID_2296,0.1795794237741167
EID_11827,0.17542026212656894
EID_21522,0.2082028645038169
EID_2767,0.1751278237589666
EID_2873,0.20305211515411323
EID_2603,0.1697267921674843
EID_2674,0.18361352958441718
EID_23682,0.1775889661466166
EID_13310,0.20359947974594036
EID_6523,0.17756788431213302
EID_13056,0.2042249883249721
EID_7244,0.2026660779826341
EID_1072,0.17854117816803333
EID_25833,0.19590840926678785
EID_11244,0.201210799243428
EID_22918,0.18246324191759636
EID_16735,0.19915201598372506
EID_4201,0.20806147461813
EID_5998,0.19431950113591323
EID_19254,0.19009219828468693
EID_16653,0.21605731914930532
EID_11729,0.19589881808499887
EID_19573,0.2146590271234162
EID_21463,0.18951967911609163
EID_5899,0.1841095256865231
EID_23613,0.2010404119502669
EID_8609,0.16633781804297693
EID_2660,0.1676842646586333
EID_1333,0.18367238121937063
EID_3212,0.18862563549647968
EID_7830,0.2062700534507889
EID_4372,0.19303088398441814
EID_15955,0.1955991247276663
EID_22059,0.18517141939403556
EID_22804,0.19022791771849215
EID_4700,0.1851522436356656
EID_14401,0.20199788884992326
EID_19971,0.19577575469741615
EID_10684,0.1874841945724333
EID_21512,0.15132021371042584
EID_16722,0.18673586499097392
EID_16012,0.1768666208031026
EID_19093,0.19347973642794136
EID_25636,0.20004395784800952
EID_10567,0.2104771336493371
EID_11601,0.21055380204171956
EID_25697,0.22091119121819106
EID_22131,0.19289382996265847
EID_8511,0.18397715438679382
EID_18114,0.19550822894726164
EID_12784,0.1924616674368904
EID_12820,0.17813455625867994
EID_4512,0.17261843886529643
EID_5837,0.17726995952119748
EID_12564,0.1885949466800812
EID_16737,0.19471331063714617
EID_25986,0.20533152264063684
EID_8729,0.18455352225257826
EID_4386,0.18403673331337198
EID_5223,0.19815088510109996
EID_1494,0.1892630162201488
EID_22699,0.17865333219522944
EID_1083,0.19468547956646923
EID_1329,0.1776438767425952
EID_3550,0.1716868521047762
EID_18845,0.20282589414549562
EID_17946,0.19841655690146817
EID_1712,0.19258449104967962
EID_12024,0.18374137887945266
EID_2974,0.1777539252909643
EID_12806,0.1843679212564956
EID_10396,0.18470303520688824
EID_3998,0.17838645783700255
EID_22451,0.1557349623308278
EID_12242,0.18057420403363755
EID_18599,0.18957483927310537
EID_9423,0.17636781087434075
EID_25347,0.15921664776595817
EID_20183,0.20236486454895117
EID_18079,0.1991053294981764
EID_10059,0.18429439780359963
EID_1322,0.19006971675256726
EID_18109,0.18562011179641813
EID_7325,0.18770549469033318
EID_6000,0.19705356588532427
EID_10760,0.19356650636998235
EID_24380,0.17008752873646948
EID_7070,0.18944591171541478
EID_2796,0.1874778401510421
EID_18860,0.19392761122344526
EID_13597,0.18051165954932333
EID_6858,0.19365831865093058
EID_14987,0.2044763308188695
EID_8902,0.19899450388127177
EID_9453,0.16747352215140093
EID_20605,0.19435848936030412
EID_16020,0.1778380434292987
EID_6335,0.1835252737083661
EID_1317,0.1796718133887256
EID_5575,0.18328484478123994
EID_17433,0.20802830111363718
EID_6238,0.1774470663349499
EID_10734,0.180163092158479
EID_7661,0.18785652801474323
EID_9281,0.16145479070766205
EID_19259,0.20917407942049832
EID_9544,0.1910424902226133
EID_2572,0.2034755376276355
EID_12706,0.18266483489301721
EID_20500,0.178754489352576
EID_19258,0.19347803015763027
EID_15915,0.20687376679712743
EID_25265,0.21159461488170955
EID_16567,0.2120339607052142
EID_19553,0.20882575659969008
EID_25403,0.2144926006034028
EID_10354,0.18906025028918907
EID_19522,0.19621747594277847
EID_20132,0.1947658860298907
EID_3363,0.19381658337472887
EID_15253,0.18846997898087736
EID_8368,0.17353935587814492
EID_3883,0.20375968489354365
EID_7323,0.16651975127552943
EID_16203,0.2041980027070391
EID_9080,0.20329569742874232
EID_12266,0.18679085387212674
EID_13777,0.19742884331463526
EID_24876,0.1880791427507566
EID_11961,0.2195748187582279
EID_25871,0.1787809182315629
EID_3563,0.18616368883496515
EID_3377,0.16646509252016595
EID_19924,0.19833163719336863
EID_4070,0.18927216171162448
EID_7727,0.19294698159447832
EID_2253,0.19975165025986108
EID_5056,0.1953021876919109
EID_16751,0.20026240889501334
EID_2105,0.16584480882645022
EID_14078,0.19186872420018672
EID_18779,0.20489545580891982
EID_2218,0.1770333992796804
EID_6130,0.19139087305005564
EID_21722,0.18668108086536156
EID_17748,0.1864494106617584
EID_21322,0.1882542692063654
EID_6016,0.184973514919307
EID_20480,0.19147211346427584
EID_18843,0.2070861116756393
EID_7336,0.1813787819878943
EID_4455,0.189713605788209
EID_15206,0.20444443987498212
EID_15582,0.20633917237016053
EID_22381,0.19095294606894858
EID_22606,0.1779085765585792
EID_12159,0.1732691592659305
EID_10027,0.18526961458908967
EID_4107,0.18067682115571093
EID_18932,0.18618138169672943
EID_1321,0.17579592764799257
EID_7759,0.16622884967716678
EID_21961,0.1862570687545309
EID_15289,0.2068819593412404
EID_23069,0.19953193744999076
EID_17187,0.21816536342803977
EID_25372,0.18099914875756568
EID_9787,0.19025297923496162
EID_9797,0.21411180427481774
EID_10831,0.19321257352873647
EID_24620,0.20505065960118762
EID_8715,0.20035516434698236
EID_13459,0.19080518106532812
EID_14031,0.2064667325693889
EID_14541,0.20225682093723318
EID_12395,0.1889643104278873
EID_7150,0.19837810391967517
EID_14422,0.18416432243769454
EID_19060,0.2121484798890255
EID_9338,0.17581517084784906
EID_21042,0.20808812075020722
EID_8011,0.184173113693692
EID_8102,0.1880255820551678
EID_11068,0.19892219860882987
EID_15461,0.1807331362196077
EID_18509,0.195242269238648
EID_5796,0.20028044972428177
EID_19905,0.18615887228190467
EID_21609,0.1928808725500793
EID_14873,0.1793481065242149
EID_8033,0.18399501370683397
EID_21354,0.1768665548007143
EID_16377,0.20282108456713768
EID_10566,0.19648843182097817
EID_4791,0.1788443516107864
EID_20944,0.18532141608773287
EID_24913,0.1922502505453887
EID_3868,0.17092926625825103
EID_10611,0.19388341222572414
EID_21702,0.20785825963857796
EID_9472,0.17095999952574342
EID_10746,0.1885900542855353
EID_17717,0.19555051428237247
EID_18535,0.18682766879082932
EID_23706,0.16062338071831508
EID_7039,0.16148509944130784
EID_23797,0.20561913923710193
EID_1574,0.17738533891842942
EID_5931,0.17965314129083024
EID_6468,0.21329409243882347
EID_15805,0.20893422949675614
EID_2988,0.19698168507800531
EID_21966,0.17841186462764702
EID_16571,0.18679880566334617
EID_10082,0.17746573970124224
EID_8359,0.18410199287023266
EID_3200,0.1902279646298011
EID_2206,0.19908254873466547
EID_14234,0.19873824133802426
EID_12498,0.20576290554338145
EID_12009,0.20438781110314833
EID_12486,0.16417741795994895
EID_2679,0.20577442329823387
EID_25329,0.1693833733502614
EID_18268,0.19195992916752386
EID_18253,0.18575242943337347
EID_11915,0.20388879559321424
EID_2503,0.1742996622165022
EID_22110,0.20268111211814205
EID_9344,0.19918393483575353
EID_17568,0.1764512295126223
EID_1445,0.18773368082585398
EID_12971,0.1926290106264218
EID_14129,0.16989628005606053
EID_22888,0.19565156957566393
EID_17510,0.20307022493006005
EID_11722,0.19946465298028324
EID_18542,0.18107396586168778
EID_13158,0.18458656601477316
EID_2810,0.18480294091895844
EID_16559,0.20049779157730396
EID_1124,0.18589261300355228
EID_2137,0.1636189354727497
EID_13145,0.19186304682295058
EID_14181,0.19733526544607205
EID_24695,0.16232134188298042
EID_21367,0.20357050313131347
EID_13213,0.18747000085106102
EID_15852,0.18016900271115946
EID_9531,0.19125112005784872
EID_6197,0.18661658598781874
EID_20012,0.18408881276932546
EID_10381,0.2176166597162592
EID_9136,0.19316223504052826
EID_12063,0.15567495646265442
EID_22318,0.1892955342916783
EID_24047,0.21250210110798684
EID_5834,0.209952398552555
EID_4763,0.16291115210707674
EID_24096,0.19077603339719185
EID_13825,0.19631063449320874
EID_14326,0.20932054228061145
EID_10111,0.1769819685575662
EID_23362,0.17995916885981816
EID_8682,0.1834300953619914
EID_18727,0.16426174498953977
EID_20725,0.19342364508742937
EID_15976,0.17377631535212104
EID_17626,0.19689069564106587
EID_13302,0.1817563373532678
EID_11333,0.18992294850040276
EID_12305,0.1953259772330122
EID_4987,0.1971476618732046
EID_12132,0.19325328617291376
EID_14163,0.19074748718346712
EID_15666,0.20419953057762963
EID_19257,0.18660681660617903
EID_1591,0.16676471715643787
EID_5610,0.1821391083982506
EID_4835,0.18197560527857057
EID_5060,0.21641154201936552
EID_15897,0.1922311120536575
EID_9771,0.21395475962276003
EID_11486,0.18674280206357674
EID_14583,0.19992253900510448
EID_17832,0.17701381583146722
EID_6876,0.20446183661118722
EID_18560,0.202006132280358
EID_1091,0.2002837484646968
EID_3837,0.17949624436266226
EID_8508,0.19908829639661646
EID_23640,0.19209929946322346
EID_13280,0.18935812066686805
EID_3352,0.2019300130773275
EID_13404,0.19696951188717565
EID_23565,0.20746859186212818
EID_24526,0.19975192301159372
EID_9254,0.1615711538337401
EID_8916,0.16977998982682263
EID_15227,0.2053144744035678
EID_11672,0.19561302804902586
EID_8926,0.17384758891849478
EID_25125,0.19710031784219428
EID_3170,0.17989799213834526
EID_24612,0.1828847167902438
EID_23932,0.19931961954038474
EID_11554,0.179270032023121
EID_19854,0.1860342200078673
EID_16362,0.22336218949043582
EID_13195,0.20298535209579982
EID_25559,0.20227805959278577
EID_18526,0.18739802211514858
EID_23226,0.19000725907317925
EID_5873,0.20890969625321493
EID_11286,0.20092188459013888
EID_7573,0.18932680937194704
EID_11669,0.20213679516751815
EID_12639,0.19933564627114853
EID_12309,0.19704410244642426
EID_17566,0.19538082697957865
EID_3644,0.19114928192534986
EID_9921,0.20170748674336397
EID_14703,0.20199562981879501
EID_19366,0.20249904985785183
EID_12449,0.19646164052756002
EID_24591,0.18130821973906097
EID_4698,0.17490078425465988
EID_17657,0.18254167434924262
EID_24446,0.2207982815743148
EID_18528,0.20236654922433314
EID_8868,0.18415031788873298
EID_5820,0.18465123553343088
EID_24215,0.1832373569031539
EID_19176,0.2014723524947106
EID_6578,0.18482037843683868
EID_9672,0.1913885574022967
EID_10702,0.1844895538579109
EID_4741,0.17616767113885617
EID_24067,0.17607031032778175
EID_2416,0.18267986063807712
EID_12089,0.1868990433027248
EID_8392,0.20741961700515904
EID_16766,0.20359435173591192
EID_23137,0.17024899340125146
EID_24704,0.17512631091193853
EID_13184,0.1798096506342628
EID_21642,0.17953208387762745
EID_8050,0.1837393945038432
EID_20432,0.17593358399170347
EID_14456,0.1953501313290953
EID_7769,0.17771318193971328
EID_14077,0.19178380110721424
EID_17805,0.1872572820103584
EID_14927,0.1809475323722067
EID_7995,0.21315587416832352
EID_2297,0.18806201381042228
EID_7960,0.19141237193458127
EID_9481,0.19455695954369515
EID_2781,0.18968373991998264
EID_25571,0.19417582002895212
EID_12462,0.23674735910715836
EID_17761,0.1938623007137191
EID_22310,0.19083008917360575
EID_15161,0.1979626495371482
EID_3361,0.17367690327476362
EID_2166,0.19422564395524528
EID_1515,0.19724740517557257
EID_13787,0.18661069927869192
EID_23496,0.2066543583905028
EID_7820,0.1846140199498091
EID_14433,0.2124964125022342
EID_9405,0.19983697821804786
EID_4195,0.1895798777525101
EID_24190,0.18168192975139855
EID_20400,0.1867318245904404
EID_16111,0.19515928585801628
EID_5502,0.19922696965028472
EID_17381,0.17535605530474463
EID_22435,0.18794472043330077
EID_3060,0.20957253098150797
EID_19197,0.18777660759814416
EID_13311,0.18426444948569703
EID_14282,0.18610242205348265
EID_5849,0.18260742530399038
EID_19845,0.18749295205282898
EID_6965,0.19250538134392356
EID_5048,0.1956856272766583
EID_13766,0.1809742250826365
EID_22269,0.181859015142406
EID_4363,0.1828224196094757
EID_12215,0.19993011695436622
EID_14479,0.19478433326905695
EID_7348,0.20104859830218813
EID_25664,0.18572759472674188
EID_4940,0.18677232336345184
EID_6877,0.17279883393588366
EID_8337,0.20288863745775806
EID_1775,0.18720198689186235
EID_13938,0.18305532520737366
EID_12735,0.17078078000892943
EID_16138,0.2030580597862053
EID_18586,0.19908014881764477
EID_16650,0.1744759541323155
EID_18259,0.1864336673153349
EID_19144,0.1936845507408862
EID_4483,0.17955975607508098
EID_10929,0.19611513622050838
EID_19882,0.18262422678167892
EID_3779,0.17760353152455527
EID_18678,0.18059761561247564
EID_7168,0.1886215247956291
EID_23279,0.19635419131759593
EID_17008,0.1687147463542738
EID_2795,0.2129538724681774
EID_1833,0.18815847756519094
EID_21026,0.1765543591514211
EID_20322,0.19024371344185287
EID_10026,0.18016904748060525
EID_7742,0.20756969670896042
EID_21792,0.20124134273712016
EID_14341,0.21012013772605626
EID_24634,0.1893166803761821
EID_3379,0.1831937796404775
EID_20627,0.19356916078822323
EID_8572,0.19813835183854694
EID_15104,0.17910520302924468
EID_12426,0.1782363595114233
EID_17588,0.18699601838511026
EID_20961,0.18022531125990626
EID_23260,0.1823453061751807
EID_7213,0.18949342289375296
EID_11851,0.1941121481899348
EID_5696,0.1782558188904953
EID_23011,0.19779666038254623
EID_2035,0.1699422269861775
EID_22461,0.1854258002118369
EID_23215,0.16859818412588387
EID_6913,0.18861556121901843
EID_5739,0.1780237372983946
EID_19814,0.19470235603750788
EID_20320,0.18018572443704742
EID_2043,0.18793466148547844
EID_21992,0.17948920965991322
EID_9324,0.16952157720236077
EID_3863,0.196346589407326
EID_7513,0.20856772691603534
EID_11120,0.18510722356198242
EID_6548,0.21675880513518103
EID_23957,0.1881971574407693
EID_11408,0.19765726626191127
EID_24638,0.17862400581532395
EID_3908,0.18513611001166091
EID_17023,0.16865343245866313
EID_10902,0.18089534939449636
EID_3543,0.19977750765656677
EID_3633,0.1715686698237452
EID_3394,0.17555344436862
EID_8619,0.19558924312546538
EID_13424,0.18956590009287663
EID_15405,0.19222337735988412
EID_21727,0.18829650738694834
EID_18916,0.19397585031857556
EID_3335,0.20733837618046125
EID_2811,0.15105761610299923
EID_8620,0.18757549026243486
EID_3249,0.16678694400305463
EID_22140,0.14907891640780419
EID_18934,0.17874365728760197
EID_24271,0.18222400091561805
EID_2164,0.17859578714375196
EID_22961,0.1990938417709913
EID_25318,0.17080249505670433
EID_23064,0.19292989625046494
EID_1056,0.17156350899451098
EID_4389,0.18452692734634443
EID_6949,0.16812710924322666
EID_16133,0.1953466740346742
EID_8023,0.21064245595332518
EID_19426,0.1827098797356944
EID_12895,0.18867838073462026
EID_17667,0.21114668944295895
EID_14826,0.19925084197167398
EID_8807,0.18530322306808497
EID_13977,0.19516067938307827
EID_11167,0.18458676695829046
EID_22535,0.19136778815540287
EID_5357,0.19572694765792792
EID_1450,0.20581345392450015
EID_24647,0.19071913298056475
EID_1516,0.17834619088862372
EID_10122,0.19498702705461585
EID_2423,0.20742875565626245
EID_4276,0.17572438431965964
EID_10610,0.19108476784383624
EID_5840,0.17200502994053105
EID_19117,0.2049083060383182
EID_1753,0.18701043364029785
EID_11679,0.2014094473514353
EID_12425,0.18028912924653395
EID_21118,0.16552255768927676
EID_1348,0.1782983794411234
EID_3143,0.1712708116620645
EID_12153,0.20447570982399504
EID_22834,0.19829848545058415
EID_14978,0.19518164936135865
EID_23361,0.21016904410808065
EID_5207,0.16759529177699506
EID_8395,0.19655978666966992
EID_2440,0.19642795118615777
EID_14196,0.21813690891680265
EID_16684,0.20458685453869402
EID_22520,0.20270710923642254
EID_14689,0.1876583991904673
EID_22890,0.1857616453664033
EID_18695,0.19014506987029292
EID_1275,0.17230788958843085
EID_6033,0.19860905008604857
EID_25616,0.172795749629642
EID_6190,0.18340933210784627
EID_2964,0.18954771337902215
EID_24869,0.1864201006935685
EID_3319,0.20551569057271962
EID_15857,0.21158867677160206
EID_4615,0.1778807164681807
EID_23926,0.18795180953746934
EID_15506,0.19496771673118815
EID_4168,0.16721646426718476
EID_23593,0.19528490501864482
EID_3108,0.17950275837679514
EID_22846,0.19211857189171605
EID_12618,0.1868989016161809
EID_20341,0.19544574121402525
EID_15441,0.21512653674796112
EID_20278,0.18394273882549148
EID_19511,0.19556774629376614
EID_7832,0.168138114810505
EID_7775,0.1780741912276225
EID_9409,0.18432078938783533
EID_11483,0.19208681921171
EID_6657,0.1914603656695
EID_10338,0.20066546202395236
EID_7683,0.19612433652804023
EID_11854,0.20361659106131663
EID_17102,0.18235411625583034
EID_9882,0.20915629262080013
EID_19326,0.20348418447430575
EID_1670,0.1795976742352787
EID_17455,0.20833828780513602
EID_24867,0.18473685819944682
EID_22972,0.19368377252346708
EID_4679,0.18415648327981657
EID_7172,0.22058023342022826
EID_7401,0.2139185982490811
EID_13199,0.20866357984171766
EID_12244,0.20391247522946332
EID_12771,0.19201574664746068
EID_7230,0.18999084567029528
EID_19736,0.2200459746592184
EID_2755,0.18285762372354242
EID_19126,0.19544646207434893
EID_20949,0.18726311213898011
EID_4573,0.18296169623883507
EID_23671,0.18121104827032047
EID_11580,0.17841685991507494
EID_15600,0.17706510998251002
EID_17577,0.18752902864456428
EID_6773,0.1666831459992344
EID_9565,0.16567017454358024
EID_13401,0.19127271981029015
EID_17438,0.20949591617287272
EID_7604,0.18937023502338407
EID_1215,0.17948262215038208
EID_24765,0.1917944923361404
EID_2084,0.19395369147744834
EID_17898,0.1975369131975232
EID_9752,0.18709502122130992
EID_19867,0.19807512028252616
EID_5430,0.17356026770747468
EID_22617,0.17912196527692248
EID_23590,0.1852185708073415
EID_11131,0.19565649061207133
EID_1623,0.18402557020891566
EID_25390,0.1842069142679493
EID_23316,0.2005108934476614
EID_11595,0.19659614798647587
EID_10827,0.20914611669789912
EID_14787,0.1964642667949324
EID_18290,0.17375558595771584
EID_17889,0.1902474073661181
EID_7936,0.17393355590235843
EID_12044,0.21120400039186232
EID_8205,0.17836048057621284
EID_22950,0.18724682338142393
EID_4965,0.20768269877865603
EID_24073,0.20400751719499186
EID_4946,0.20294853408664734
EID_14618,0.18927463587274684
EID_17692,0.1825070597119288
EID_23220,0.20048517950064706
EID_24364,0.17508477750463305
EID_20216,0.16654809038384671
EID_24865,0.1724541464523239
EID_11009,0.19526482561306097
EID_6889,0.2012600517236638
EID_10375,0.1857873195321967
EID_11917,0.20886502030980367
EID_25323,0.1800253124171245
EID_21841,0.20749609640254527
EID_25278,0.18885651284385527
EID_17857,0.1891989868451641
EID_2991,0.1966108352028332
EID_23822,0.162243263593277
EID_12098,0.18242879147495472
EID_14665,0.20257217709092187
EID_25373,0.19546397313252303
EID_22143,0.1937216287905462
EID_4000,0.16188863974769213
EID_2951,0.16956979584191342
EID_8610,0.1965671962165678
EID_6998,0.19482721009122836
EID_21972,0.2097531677943261
EID_3582,0.17942915987092814
EID_18220,0.19163365081988398
EID_12381,0.18797007924590922
EID_15689,0.1805316761074009
EID_12239,0.21715459029414239
EID_3987,0.1861495841333302
EID_20164,0.2005922409514972
EID_1654,0.19920186731099299
EID_25583,0.19854678668265613
EID_22736,0.19780199368823165
EID_22169,0.20483855918025504
EID_9495,0.1974565358277194
EID_2465,0.18052117350093727
EID_1659,0.20062798424268743
EID_4509,0.18223351554902076
EID_15264,0.18924330566214212
EID_9494,0.18819207520084633
EID_23657,0.2067837509100969
EID_10376,0.1856272036822407
EID_25277,0.20116446822546188
EID_15121,0.2032536115510356
EID_14760,0.19372747508053265
EID_9160,0.20656565709539168
EID_18574,0.18241084475204516
EID_2977,0.19585806250614585
EID_4745,0.21110574804061186
EID_6762,0.1849655226647909
EID_2682,0.18892849775797288
EID_19172,0.23442845059505713
EID_1013,0.18549322779475722
EID_1242,0.1848967004129822
EID_10336,0.18136723004441235
EID_11247,0.20797166785630034
EID_4631,0.17109033037782945
EID_21660,0.19914943212782243
EID_6752,0.20418530239489
EID_14409,0.19184688892359936
EID_21720,0.1888832851503886
EID_14495,0.2115340501286094
EID_15348,0.1970021749821558
EID_9610,0.19282027662981666
EID_10629,0.17925730307784982
EID_10182,0.190822125450035
EID_10598,0.18360323472429924
EID_11065,0.19857201207977737
EID_16129,0.1705326474291589
EID_15572,0.19230963676263504
EID_21059,0.19527353430504374
EID_7812,0.20171129116363357
EID_15162,0.18837091610187828
EID_6911,0.2001005408708366
EID_17591,0.1707725525840854
EID_22638,0.1914993736143394
EID_3217,0.18396051842536246
EID_10116,0.18338340999555314
EID_23199,0.17623710520150204
EID_18844,0.20290929453614595
EID_19931,0.19905402900873415
EID_22215,0.19704661788893346
EID_14623,0.20351606890962004
EID_7884,0.18172247040688982
EID_3197,0.16548165734442918
EID_11291,0.19650150511578512
EID_3320,0.1880690970194915
EID_12585,0.18899821487027862
EID_13592,0.2225711739275421
EID_11264,0.18256832920461602
EID_6997,0.1966253790311239
EID_2327,0.18487902791110183
EID_9340,0.1756449443648866
EID_14544,0.19228738622839317
EID_13055,0.17951648733227601
EID_14014,0.19341737666667452
EID_7429,0.1941024376671997
EID_19008,0.1811975256658134
EID_14283,0.20897200639625169
EID_10882,0.19616758287379488
EID_5194,0.21050387610407217
EID_23844,0.20691840010160786
EID_22628,0.1965504044890613
EID_10033,0.19688473387945846
EID_13281,0.20134724652852293
EID_23871,0.1874982189529424
EID_3621,0.18372014918022453
EID_12968,0.19232376982263705
EID_5819,0.17109716407494063
EID_6694,0.16687728058048884
EID_17656,0.21508102831576073
EID_8888,0.19451238669046714
EID_14552,0.1804624268804127
EID_15342,0.20116791624141855
EID_7728,0.1909133061753995
EID_10331,0.20144154863074512
EID_5479,0.18902864171266834
EID_25526,0.17979572352878806
EID_12348,0.19641570925282684
EID_6196,0.17451280294181087
EID_3619,0.18833857943301063
EID_11280,0.17505693068902345
EID_18119,0.17370205274684644
EID_18058,0.22651398417988772
EID_20911,0.18788613931111237
EID_19840,0.20188036492398997
EID_11808,0.19919766604217032
EID_16265,0.1712059546648609
EID_25976,0.15802389399093675
EID_3872,0.18278531059127584
EID_23029,0.16367383128737495
EID_11745,0.16971548806662293
EID_9556,0.17178452256445834
EID_19748,0.210938343997597
EID_23253,0.17033723068128637
EID_16237,0.1947687404139485
EID_11694,0.17730355929769717
EID_12824,0.18685206011477185
EID_12797,0.16874061476336516
EID_3524,0.16986685519210662
EID_10559,0.20329065631907492
EID_22844,0.1970090522800904
EID_22281,0.18083413191711542
EID_9535,0.1952283505301945
EID_1642,0.18532986853062983
EID_17630,0.19246565234142068
EID_15083,0.203843251634793
EID_2690,0.18933359051801638
EID_12199,0.17931730479253846
EID_3449,0.21417609597957582
EID_12097,0.21187123571295452
EID_23272,0.1882913937144126
EID_6890,0.18377871503249152
EID_2438,0.20434990134952943
EID_6508,0.1872097312009804
EID_10772,0.179755067816942
EID_6076,0.1834657357720462
EID_3045,0.19915182119849814
EID_24779,0.16540785306300526
EID_12553,0.21909375050702248
EID_24984,0.18134160992713105
EID_17157,0.20743330807839577
EID_11823,0.19523025089590818
EID_4765,0.18903509390149884
EID_16143,0.18397142374699152
EID_19658,0.2160335625558639
EID_12035,0.1823815840894704
EID_3481,0.19928117652357502
EID_12776,0.2136501716031194
EID_21160,0.17560265341542916
EID_11127,0.1828830649134564
EID_11784,0.19111430889470846
EID_17458,0.1731877381688359
EID_15653,0.17731171382733746
EID_25399,0.18128090864235652
EID_8799,0.20778261437966872
EID_14529,0.18305296690853268
EID_19407,0.1927888579787835
EID_8224,0.20707162943309915
EID_21582,0.19683440771066427
EID_14807,0.21775120367032177
EID_17338,0.20395121714381842
EID_10635,0.18765759781105162
EID_16300,0.2057982824002417
EID_5155,0.1733448412169186
EID_11136,0.17978911196780084
EID_7716,0.19926228117593034
EID_13041,0.2018887130427682
EID_1572,0.18579844425212244
EID_2382,0.17153983299989276
EID_4568,0.21436187396203427
EID_25153,0.20048314611757645
EID_20523,0.20169431232330304
EID_2332,0.21114555757798312
EID_6143,0.16125180318708965
EID_19549,0.19674569603205055
EID_24568,0.1961169259391582
EID_23211,0.18381198739155377
EID_2342,0.18567808213000978
EID_2922,0.17137475054272908
EID_6026,0.2067622388368861
EID_10107,0.17665955605027323
EID_14855,0.17890268311582563
EID_18780,0.18936022760387222
EID_10578,0.1999600367127914
EID_3842,0.1951630184810705
EID_10225,0.18526527604262916
EID_15275,0.20402808795037727
EID_10740,0.1924095123648516
EID_9483,0.18767630356163315
EID_11262,0.20037933066909666
EID_24388,0.21219907518815126
EID_19271,0.20317334097706927
EID_15363,0.20890550120642698
EID_16555,0.20087383178712676
EID_7387,0.20067794581978754
EID_2692,0.16448570477790822
EID_19754,0.1784612195692148
EID_10859,0.17666937262564542
EID_16618,0.18851226823370215
EID_1697,0.15732625639711784
EID_3764,0.17603060567217235
EID_4502,0.1763237799709617
EID_19240,0.18033976240407734
EID_22590,0.19443697907450272
EID_14056,0.20900263159323884
EID_20697,0.19048164855858357
EID_2505,0.17939489910507306
EID_23288,0.20612001736344476
EID_23373,0.17068630079040015
EID_18878,0.17338069514040305
EID_11857,0.17233575817753477
EID_25945,0.16898689281992732
EID_18242,0.21095835839789892
EID_22823,0.1676019021641647
EID_5625,0.20136001433846992
EID_6702,0.19570261433549835
EID_24252,0.20789913577955255
EID_12704,0.21043376218225232
EID_1770,0.18595064149945065
EID_10159,0.18805182865368986
EID_3702,0.17777224350933787
EID_2688,0.21873923931983008
EID_19784,0.17003997130801585
EID_3636,0.1800289813487086
EID_14537,0.18052864226489077
EID_4878,0.18461948477634949
EID_10260,0.2035958532870103
EID_5154,0.19587646170818585
EID_21206,0.17617028205077326
EID_15511,0.20656070829416595
EID_8010,0.2094449198104902
EID_6249,0.1954202831328584
EID_7392,0.17292961979439955
EID_18362,0.19355591700407163
EID_14147,0.19655216806003664
EID_24826,0.17501858171196885
EID_10862,0.1958900072675563
EID_3088,0.17807577760627485
EID_2871,0.21354813862488595
EID_22681,0.16513947266957182
EID_3720,0.19052380728266086
EID_21540,0.19206180755965988
EID_3516,0.16719244303293057
EID_10969,0.21273402439181008
EID_11396,0.2235843919384619
EID_11407,0.19399864926421154
EID_19264,0.2047202804245561
EID_12406,0.16925593407557193
EID_19440,0.16507221449020634
EID_22729,0.18884446825159582
EID_21143,0.19039482387372203
EID_19936,0.20454848440831297
EID_13997,0.18525325350118593
EID_15533,0.1786209281468292
EID_22065,0.21064327164764912
EID_6600,0.20191772917842593
EID_15316,0.2187677027104202
EID_10721,0.19652124415241395
EID_20630,0.19338290764014157
EID_17720,0.19550703581403706
EID_7692,0.19763556288797354
EID_25004,0.17181616797006757
EID_1804,0.1932981873527723
EID_25207,0.19891898738719052
EID_7638,0.18074037515916538
EID_8179,0.19449036776487072
EID_23406,0.2087746847854494
EID_19285,0.17186913431023765
EID_15333,0.19677515848896412
EID_9685,0.1633364258085388
EID_15725,0.19712716449628256
EID_8302,0.20961907101720897
EID_10726,0.21276806554075736
EID_6168,0.1811412631585743
EID_16711,0.18095333578632583
EID_24881,0.19377025179255186
EID_15281,0.18498410659514822
EID_17428,0.20056838419532239
EID_2814,0.17214991974040406
EID_8717,0.17692054300796523
EID_4395,0.2115594910354894
EID_22871,0.17980190560545617
EID_22152,0.19732081838162135
EID_23649,0.16605688342155456
EID_24748,0.1929016149951131
EID_25426,0.18844351170835835
EID_13986,0.18575384355479174
EID_19704,0.1869053976329697
EID_15554,0.17236974978222738
EID_23100,0.1954872198193486
EID_25408,0.19949161436499036
EID_15870,0.17177554030311143
EID_4048,0.21711790986196977
EID_12712,0.20239667511765483
EID_1937,0.17385982882521134
EID_14246,0.1955132081576049
EID_2569,0.18400178315560303
EID_6228,0.1867370251453831
EID_21309,0.20286545753700436
EID_16971,0.19091925867358783
EID_25273,0.15742662562049348
EID_8968,0.17861033603483625
EID_21475,0.19554249260894202
EID_1982,0.18233953224398183
EID_23627,0.17076185895447257
EID_14209,0.17280994991491
EID_22365,0.19694086188175905
EID_21031,0.18454115299129628
EID_16883,0.21870101338834452
EID_15734,0.17527627267454768
EID_20840,0.17061880580364613
EID_20792,0.18911021116658444
EID_2652,0.19407005764448504
EID_3079,0.16918302269813354
EID_1425,0.1649390542007676
EID_17271,0.16833846040007738
EID_22724,0.20727650874806386
EID_23964,0.1997501041034603
EID_9333,0.1701747952762487
EID_12374,0.18900380549883178
EID_25107,0.1921570450247297
EID_22869,0.18069191315684016
EID_18753,0.1795766184319732
EID_16805,0.1924809191749661
EID_19994,0.18787151475564184
EID_3004,0.16429098798569666
EID_12616,0.19830584081683472
EID_6090,0.19520146879781422
EID_3303,0.2057195094793536
EID_9435,0.1911046247097704
EID_1838,0.17515210155962121
EID_15681,0.19506019532003527
EID_17496,0.19908146180347974
EID_8456,0.16703534863408614
EID_23174,0.15929220190051788
EID_8285,0.17989646143965787
EID_6547,0.17462543881807943
EID_23648,0.1597161272870593
EID_7958,0.1872219079965071
EID_19299,0.18396627583648364
EID_8699,0.1779368776195745
EID_14528,0.21519141560323168
EID_23167,0.19961955858637093
EID_25289,0.18881133937639105
EID_12802,0.1920754132450196
EID_15986,0.21063463046277106
EID_3609,0.18394990734409103
EID_2045,0.16111694583756236
EID_1788,0.21005241351313025
EID_22630,0.19318590549118309
EID_10542,0.19929352938640987
EID_13101,0.1734914501422219
EID_5159,0.1914786027444718
EID_18490,0.17554252369665266
EID_25693,0.16047062773977816
EID_20514,0.16828693460554908
EID_3713,0.19392948409042762
EID_11193,0.21060547752297695
EID_6052,0.17711804449069693
EID_6986,0.19737302887387662
EID_9104,0.1740906020502397
EID_23058,0.2074358536842673
EID_3156,0.1962167549557135
EID_17660,0.18516145993062413
EID_17514,0.20297922204802188
EID_15370,0.17617798840593565
EID_12207,0.18701261466239627
EID_7351,0.19337968648213036
EID_24727,0.19494813621790166
EID_6356,0.19298102766570438
EID_15421,0.19351199143529962
EID_11772,0.2104648333261224
EID_14071,0.20481354039334249
EID_16359,0.18257923210112356
EID_16919,0.19099520941775994
EID_21496,0.19121655252696648
EID_10564,0.19689342423135675
EID_3773,0.17818293451557848
EID_9484,0.2214311737785575
EID_13601,0.16905787455246507
EID_13843,0.21097487222458403
EID_8774,0.20031725579392254
EID_7542,0.18838248654368825
EID_3388,0.21430218346924557
EID_17949,0.1845488617156917
EID_1815,0.1553250720366009
EID_10479,0.16196780323803806
EID_10722,0.19875069811089974
EID_3427,0.20802953978560923
EID_18205,0.20057834635404218
EID_21650,0.19300079380270788
EID_23124,0.17970684141878038
EID_4294,0.17222132327016013
EID_13366,0.1766512269326442
EID_13957,0.18776721392348572
EID_3578,0.19313062422704075
EID_24105,0.18635253692608644
EID_13186,0.203942670884084
EID_24214,0.1914766299790531
EID_17251,0.19942035107544784
EID_23225,0.17833920599758776
EID_2152,0.18144906539217226
EID_10625,0.20438212560659685
EID_2044,0.1698264907065541
EID_7201,0.20407739347309883
EID_2405,0.22227559239562672
EID_22716,0.1993096425960153
EID_22728,0.20445070587944283
EID_21251,0.19880281644098632
EID_6915,0.1996418188241249
EID_14744,0.1975806922219281
EID_15814,0.18035521288833556
EID_6659,0.17562192031067164
EID_10991,0.1884889069606465
EID_6500,0.1676928750966135
EID_19121,0.17374108125769264
EID_6278,0.2013520921810149
EID_13236,0.1786135070195686
EID_5382,0.18346333142453244
EID_6871,0.1996285982560953
EID_5012,0.15459159922229915
EID_1268,0.20061501757120026
EID_6588,0.17532157308971122
EID_22163,0.18319388784562757
EID_11121,0.20277985638168258
EID_22615,0.1894758724903441
EID_7838,0.20352870810452975
EID_3344,0.16987223009670335
EID_25292,0.20132610514956928
EID_10730,0.18315231349059555
EID_10317,0.17946202815709542
EID_13443,0.21956682212396122
EID_10988,0.19401032185346606
EID_23091,0.20418772087236373
EID_1839,0.19769271130688615
EID_13892,0.18703515847519367
EID_1496,0.1944424426560979
EID_15045,0.1951052343968304
EID_3744,0.18682946274992582
EID_13010,0.21124955712222732
EID_9716,0.20699906245587676
EID_2993,0.18754097564728214
EID_23435,0.19107062654808396
EID_8587,0.18731451837435012
EID_22132,0.20015296752300987
EID_21413,0.19914070002472356
EID_11881,0.19340211627090403
EID_19850,0.18121204502592722
EID_18460,0.19496618265463814
EID_17983,0.19948724155469938
EID_14888,0.19686693073779557
EID_14002,0.180438066231565
EID_13524,0.18080370423867298
EID_4049,0.18218515619095388
EID_6535,0.18973355874796266
EID_10557,0.188672857530464
EID_1313,0.1789587770467717
EID_12424,0.18450013753460417
EID_8210,0.1777299698876992
EID_22378,0.1901496117860423
EID_19644,0.16054949123663578
EID_8790,0.20204836351514055
EID_5778,0.20816916480021103
EID_23887,0.18695691032139417
EID_16103,0.18049822218922895
EID_20604,0.1866719617677168
EID_17378,0.2094827024157297
EID_5566,0.18579507844653073
EID_24264,0.180640465026742
EID_7814,0.20283749148078878
EID_1968,0.2045585874294208
EID_10282,0.20864858185987634
EID_13648,0.18902797579227565
EID_22376,0.17667427036711641
EID_3690,0.1709402921073746
EID_17871,0.17755378966088417
EID_19167,0.1886366186204239
EID_5366,0.19876968601073663
EID_16996,0.17144495719289543
EID_1953,0.16481020295597953
EID_8760,0.20256391822863562
EID_20448,0.21358904151938032
EID_15787,0.19056192518679946
EID_18982,0.18887266144532033
EID_4388,0.17747361023578428
EID_22325,0.2006569535393604
EID_10189,0.18094534701972337
EID_21162,0.18674894786932927
EID_1032,0.2029415978370591
EID_12045,0.19861149412874848
EID_18324,0.18989218441173483
EID_15085,0.16884007077519664
EID_21927,0.18676200832532588
EID_13325,0.20453785486134302
EID_17801,0.2037566633865075
EID_7678,0.17805264852959024
EID_17469,0.19420982766432962
EID_14318,0.19056401853432986
EID_16439,0.20156715148704454
EID_2307,0.15238457712071551
EID_20011,0.18025280836302784
EID_19381,0.16645688154004856
EID_14043,0.18462609020817772
EID_14774,0.1980489834461734
EID_22982,0.19317307636888734
EID_19092,0.17599669826074302
EID_13137,0.18588017069694845
EID_5738,0.21842298991938924
EID_19661,0.18214315269196577
EID_22570,0.1728948915595426
EID_16393,0.2107407626265839
EID_4256,0.18617979296004655
EID_17873,0.18563387064002415
EID_13832,0.18912465180398336
EID_17617,0.1936052077543868
EID_3106,0.17444225883045983
EID_6567,0.1837366090163731
EID_4727,0.19322980270253384
EID_14518,0.19436664732597878
EID_1070,0.18509939686702728
EID_19385,0.20686885980760736
EID_20032,0.20386915406776487
EID_11714,0.20521847041616845
EID_23636,0.16430264211688966
EID_1985,0.1658854898903561
EID_5627,0.17020481725168354
EID_15171,0.18157092600614724
EID_8811,0.1712291066307003
EID_2163,0.17228160750196791
EID_8459,0.17844833983932257
EID_18138,0.18777544841385305
EID_17518,0.20030150272305916
EID_17432,0.1827586239249191
EID_25686,0.1796618248089391
EID_2470,0.20420317956517894
EID_16311,0.19326803541177526
EID_6903,0.1893788220084624
EID_11990,0.20733365978937457
EID_23460,0.18914881588004645
EID_25924,0.18116198732183192
EID_13985,0.1984131728953319
EID_5455,0.17399531138631497
EID_13427,0.1831857057343424
EID_24855,0.19317883265459038
EID_15532,0.20971764495493844
EID_8953,0.1985776333937009
EID_22683,0.18475591957578505
EID_22493,0.18037429665814497
EID_1451,0.1981338401050607
EID_20796,0.1920569483246866
EID_17281,0.19850262416113773
EID_7767,0.21321558195131138
EID_20838,0.19783606913317156
EID_17235,0.19059777751491563
EID_21615,0.20558139678318732
EID_6972,0.19069393501755896
EID_13930,0.19433435137218735
EID_4188,0.18212465000321984
EID_11277,0.20472217898209827
EID_18053,0.1784066035081012
EID_11288,0.1855306585729863
EID_1148,0.17705033476285978
EID_19216,0.18025001296401894
EID_7660,0.18667710396756812
EID_22805,0.2014993623515683
EID_11931,0.1972251796627445
EID_16921,0.19836123680349915
EID_4993,0.19097898287004825
EID_18070,0.1856460255155558
EID_15648,0.17677225848364386
EID_11404,0.179507717566476
EID_14248,0.17623202544459876
EID_15424,0.20559932800280378
EID_8039,0.1768469916775185
EID_7094,0.16488559095547936
EID_13161,0.18885349343683483
EID_9293,0.1788612384780886
EID_4351,0.1923756369305354
EID_17259,0.16931489303467995
EID_2681,0.1893071886161988
EID_22123,0.20167365895346842
EID_8528,0.1797827549602598
EID_11798,0.20248492458964903
EID_20265,0.17683870737432922
EID_21396,0.17574577230638408
EID_12220,0.19755144444812425
EID_25722,0.2046016959470038
EID_21719,0.18138413529902045
EID_3506,0.1694871590651899
EID_2139,0.21007750615095908
EID_6562,0.19019254915168463
EID_4353,0.18887399466349583
EID_24392,0.17931382435245247
EID_11238,0.17812278709686594
EID_20617,0.17752877616456628
EID_21473,0.2109252510774349
EID_16837,0.18625578484971328
EID_1800,0.19174374961138788
EID_25849,0.2077457270903481
EID_9395,0.21556536163653994
EID_2415,0.20793297989183301
EID_9286,0.1623594193321725
EID_5081,0.20698197499218213
EID_22546,0.18906619068446212
EID_11932,0.20044746264670432
EID_16292,0.19180351620889868
EID_17882,0.18208600308138478
EID_20889,0.19771774450708618
EID_10031,0.1853416770997486
EID_21576,0.18597987208404151
EID_8256,0.19441014071091847
EID_2614,0.16666388465488663
EID_2098,0.18449359864325623
EID_10242,0.18305788335762008
EID_21993,0.18594234077144547
EID_22664,0.19479052548595863
EID_1919,0.16527077553869485
EID_11629,0.18251639674813946
EID_6840,0.22380445453627718
EID_25493,0.18430941926443947
EID_14968,0.17654504980321756
EID_25313,0.1542119279893326
EID_8035,0.1866731202582999
EID_8969,0.20522430961549057
EID_15223,0.19637860530570855
EID_6266,0.18274167295586297
EID_8184,0.18528607816387166
EID_19480,0.1914133978099531
EID_19076,0.19444438410150733
EID_16339,0.19310926911763218
EID_7963,0.20606433466560878
EID_17427,0.17941969325303095
EID_12641,0.1862229919254122
EID_4122,0.20166915614555644
EID_23659,0.1780284616752369
EID_13486,0.1761931496749639
EID_18423,0.19500949504228982
EID_2181,0.16117996404040547
EID_25490,0.17684582499785786
EID_9211,0.1784728820961047
EID_5237,0.1942556060589604
EID_2418,0.1740380365774951
EID_17716,0.21345453256279906
EID_13837,0.21333922504880778
EID_2840,0.17428865917931738
EID_13004,0.2035002487122383
EID_14429,0.20525252228068472
EID_18915,0.20938497866280692
EID_22415,0.16407913861384546
EID_4304,0.17191788438390115
EID_10753,0.19827736651747252
EID_22612,0.18810324764706152
EID_1857,0.18605786979691202
EID_3566,0.19549393797935502
EID_8545,0.19875410573310015
EID_21685,0.18690284679809083
EID_9946,0.17949095934634782
EID_20447,0.19073966497506045
EID_3887,0.15658477823319933
EID_8351,0.1750849610422121
EID_23889,0.2246455559902602
EID_8248,0.18844155836117624
EID_16621,0.20876674451858035
EID_25138,0.19281018044432813
EID_10004,0.1903436180845704
EID_5522,0.1773415703029951
EID_23416,0.1921695578623902
EID_14897,0.17318764987627877
EID_10840,0.17932543210606527
EID_21716,0.1906063953263002
EID_18484,0.1891816810379187
EID_7402,0.17933454127945556
EID_24854,0.19145366722825594
EID_1610,0.20124216680557377
EID_17592,0.18134720662454518
EID_22128,0.17163844058590288
EID_17304,0.2115718379559243
EID_1508,0.2029851501740152
EID_20492,0.18679951572023276
EID_2324,0.200460821481824
EID_17093,0.18394285196394103
EID_23356,0.19851850306118785
EID_17895,0.1879358482470871
EID_8186,0.18141843520811798
EID_19358,0.19474401456829896
EID_6030,0.20678682284935343
EID_17457,0.18838876558308743
EID_14976,0.19200345239491323
EID_8914,0.1626224394871642
EID_5721,0.1708997541790858
EID_11266,0.19829219211939236
EID_17012,0.18677156590743027
EID_7554,0.17856002994639397
EID_3087,0.19658428275100823
EID_19716,0.17428345010993682
EID_21723,0.21242783891004083
EID_13072,0.17947194334242744
EID_9776,0.193837096254124
EID_25927,0.22542722302275037
EID_5593,0.20263766422641094
EID_13954,0.1970093416030823
EID_16034,0.17956977931349405
EID_1719,0.1982404338635241
EID_23054,0.19279593033730152
EID_15591,0.17298458869787461
EID_5178,0.18737391248171023
EID_24346,0.20349201548741366
EID_21264,0.19881891571024765
EID_3292,0.1915957829120654
EID_14975,0.17578705877747317
EID_9165,0.16376983562429515
EID_23369,0.16720163679855615
EID_18767,0.19471254414487618
EID_10153,0.180185716311748
EID_2542,0.17910934747080523
EID_23826,0.20698755638305352
EID_20391,0.2118062285907815
EID_8633,0.191848552588727
EID_5875,0.19128119105343525
EID_12699,0.17600730136679824
EID_12982,0.19591970911459863
EID_16392,0.1670858305489316
EID_8185,0.19136632852504434
EID_15462,0.19063842353963112
EID_4853,0.21268028545944137
EID_17622,0.17526555446929046
EID_23074,0.21703681620896603
EID_6390,0.197521343659745
EID_24539,0.19192416590286054
EID_12963,0.16618377989847377
EID_8649,0.19017730341818048
EID_11810,0.19822635188073387
EID_3598,0.19241001285129786
EID_13511,0.20332801238578677
EID_16014,0.18688779581456944
EID_24791,0.1967864476652604
EID_3417,0.1759724373122186
EID_24668,0.17562837732108055
EID_4508,0.17130002000385933
EID_25150,0.19677689737878454
EID_25934,0.17133671275902043
EID_6308,0.15765085216593375
EID_10508,0.18748465454948976
EID_18724,0.17411547398612387
EID_10536,0.19443447674839962
EID_18738,0.17063110290329678
EID_15949,0.1685615865834014
EID_20722,0.1773391078924248
EID_14963,0.20483634054994573
EID_6682,0.17304525790858485
EID_8365,0.17582784313898808
EID_17999,0.2033668970637865
EID_24499,0.18530235246063076
EID_20389,0.20082197055926962
EID_12123,0.22418756983095506
EID_19203,0.18100940971986387
EID_3538,0.21649835916561588
EID_19811,0.2093764085581425
EID_11473,0.18960374759834747
EID_3032,0.18355518532401266
EID_8419,0.17484747930288908
EID_9052,0.1923678988635621
EID_15837,0.19833517189749558
EID_6644,0.17494454249239363
EID_16894,0.20269378993425202
EID_10552,0.1851763825574141
EID_14750,0.17229256483283883
EID_16659,0.17656563004390669
EID_4472,0.18222037635298274
EID_4076,0.1840801460445327
EID_5163,0.16876801523058033
EID_25923,0.21252716444489672
EID_24806,0.19900694368990063
EID_3742,0.19059115793379672
EID_19722,0.17432071390690282
EID_18033,0.20399205920261004
EID_16718,0.20681131067561231
EID_13182,0.18763878935511338
EID_23021,0.22324010710220712
EID_20329,0.1972616992045252
EID_8770,0.17112432921385484
EID_11234,0.20264208877555429
EID_18881,0.19176802637937526
EID_1365,0.2061911195616043
EID_19318,0.1878449693906712
EID_19343,0.18560281307892987
EID_4435,0.18276056041186778
EID_22102,0.18233951120343986
EID_24095,0.17620822885663925
EID_9897,0.23627331233282792
EID_21635,0.19274452393681468
EID_16514,0.18883422330234828
EID_1997,0.18349623499166515
EID_10324,0.22506769583661412
EID_6487,0.19879421998408361
EID_21197,0.18624151371711173
EID_19082,0.20331919844097449
EID_17562,0.19241418716293995
EID_8738,0.18388813823867023
EID_13687,0.17553356565805137
EID_19572,0.18069515525670535
EID_24909,0.18612136626522943
EID_21814,0.16763100655681878
EID_12083,0.19479846164313092
EID_25919,0.17144876537039636
EID_19140,0.1794562384168475
EID_23924,0.19761760678937104
EID_1208,0.18693558360137627
EID_18170,0.18943947513047774
EID_18699,0.18705354938416097
EID_1318,0.18835190080676506
EID_14941,0.18787269721351824
EID_6540,0.177099042738066
EID_20936,0.20752227731176773
EID_9705,0.21187746284044273
EID_24181,0.20882108465413968
EID_22138,0.18806520517328232
EID_23044,0.197760204880284
EID_9038,0.19870392984485397
EID_3247,0.1954495279653093
EID_19630,0.1799455765318642
EID_8655,0.18760744387200196
EID_10423,0.1904073585139185
EID_3946,0.17545222085705725
EID_16512,0.18844418132611188
EID_12473,0.20587449692801144
EID_11571,0.19770134325033226
EID_14381,0.19449253865064714
EID_12675,0.21453102702354834
EID_1930,0.1744555198873189
EID_20155,0.18076317367623157
EID_22902,0.18821967879860743
EID_24145,0.18849058648024172
EID_5342,0.17984030578664575
EID_8334,0.18319853054131582
EID_25708,0.19923403581885746
EID_19991,0.18085315287068504
EID_5499,0.21061757932229241
EID_5953,0.17470462313002427
EID_7444,0.20700122970939222
EID_6218,0.19517431056216636
EID_12891,0.15483033009108238
EID_16456,0.20096338069406938
EID_20256,0.1981926909527408
EID_9959,0.2019518222164895
EID_8845,0.18437732364045667
EID_1662,0.18136559367236815
EID_8739,0.1966986319670266
EID_20695,0.17688551802564537
EID_19446,0.18385568413635828
EID_12441,0.20101322168662206
EID_13066,0.19332410968790564
EID_8911,0.16385067281160232
EID_22200,0.19217310966051349
EID_9689,0.185270673677055
EID_1668,0.1921733355386773
EID_8120,0.18343780312796823
EID_22777,0.1886434008487144
EID_19141,0.19076872949500615
EID_22674,0.19240508482231986
EID_16121,0.19139392811696965
EID_14662,0.19943526652532362
EID_23290,0.19377326974899983
EID_20144,0.1911371943014771
EID_23052,0.197205050267044
EID_25575,0.1820841419393031
EID_23724,0.1882793226772486
EID_14759,0.19921156654228642
EID_25209,0.203159258085597
EID_17753,0.1764178979718789
EID_4693,0.17119873050712803
EID_17284,0.1965778425807162
EID_9131,0.2063433833722054
EID_24625,0.20707303115760833
EID_24912,0.18917938095991402
EID_19612,0.18044797996521666
EID_9147,0.20423974726274224
EID_6891,0.205180646495837
EID_10639,0.19456189671283694
EID_5880,0.18084406415397472
EID_22547,0.2030066694728648
EID_10066,0.1782066686974337
EID_7126,0.16854436239734968
EID_4929,0.16060448089062496
EID_24750,0.191358194964376
